model,window,horizon,mean_p_validation,positive_rate_validation,calibrator
map_threshold,,300,0.039120919460321,0.0387631546869286,"{'method': 'platt_on_score', 'mean': -85.04813728446503, 'std': 12.346259489582144, 'a': 1.5781713160005184, 'b': -4.019174853582729}"
map_threshold,,600,0.0772844168214844,0.0772410450845959,"{'method': 'platt_on_score', 'mean': -84.96333773067946, 'std': 12.288970923320893, 'a': 1.0579661283073014, 'b': -2.863073768252056}"
map_threshold,,900,0.1124046290455064,0.1136343250112124,"{'method': 'platt_on_score', 'mean': -84.9177814129122, 'std': 12.278089907397879, 'a': 0.9345979359410602, 'b': -2.354093080329424}"
map_threshold,,1200,0.1450270000792894,0.1472369594816658,"{'method': 'platt_on_score', 'mean': -84.81291888329932, 'std': 12.273833094418539, 'a': 0.8462991485089187, 'b': -1.9945723434812082}"
map_threshold,,1800,0.2080932098588094,0.2101523536243766,"{'method': 'platt_on_score', 'mean': -84.59598273279887, 'std': 12.288441512385997, 'a': 0.7651705396776214, 'b': -1.4839740890694169}"
map_logistic,30.0,300,0.0389994867277681,0.0387631546869286,"{'method': 'platt_on_score', 'mean': -4.2992298080018605, 'std': 1.8965752691721713, 'a': 1.576840774345545, 'b': -4.0388189688205625}"
map_logistic,60.0,300,0.0389880070341864,0.0387631546869286,"{'method': 'platt_on_score', 'mean': -4.311003581203221, 'std': 1.9021056130739653, 'a': 1.5948674659178133, 'b': -4.061208720383151}"
map_logistic,90.0,300,0.0389979014320604,0.0387631546869286,"{'method': 'platt_on_score', 'mean': -4.318582808053977, 'std': 1.906670805316955, 'a': 1.5937663851272714, 'b': -4.064115805863877}"
map_logistic,120.0,300,0.0390664644987534,0.0387631546869286,"{'method': 'platt_on_score', 'mean': -4.321116506989038, 'std': 1.9064415190689963, 'a': 1.5989744467670322, 'b': -4.071365045180975}"
map_logistic,30.0,600,0.0770000109755684,0.0772410450845959,"{'method': 'platt_on_score', 'mean': -3.025149997456955, 'std': 1.3264140581917454, 'a': 1.0703318500744616, 'b': -2.875420406758342}"
map_logistic,60.0,600,0.076890204654335,0.0772410450845959,"{'method': 'platt_on_score', 'mean': -3.0324776476883755, 'std': 1.3274006650369121, 'a': 1.0847606015479563, 'b': -2.89042035478004}"
map_logistic,90.0,600,0.076846384937344,0.0772410450845959,"{'method': 'platt_on_score', 'mean': -3.036922433179651, 'std': 1.3287603065140523, 'a': 1.0824420809533601, 'b': -2.8919801446263813}"
map_logistic,120.0,600,0.0768761313234332,0.0772410450845959,"{'method': 'platt_on_score', 'mean': -3.04143868381844, 'std': 1.3335899945589893, 'a': 1.0860544745819947, 'b': -2.8949188243180255}"
map_logistic,30.0,900,0.1119621239095707,0.1136343250112124,"{'method': 'platt_on_score', 'mean': -2.4500900998934396, 'std': 1.147020423444581, 'a': 0.9427367667093906, 'b': -2.360934281372584}"
map_logistic,60.0,900,0.1117701532952715,0.1136343250112124,"{'method': 'platt_on_score', 'mean': -2.456165742624317, 'std': 1.149985874876025, 'a': 0.9560989300812452, 'b': -2.372104184652008}"
map_logistic,90.0,900,0.1117047836729515,0.1136343250112124,"{'method': 'platt_on_score', 'mean': -2.4608853382042457, 'std': 1.1552515306910318, 'a': 0.9619048200090436, 'b': -2.377222188394992}"
map_logistic,120.0,900,0.1116710476828449,0.1136343250112124,"{'method': 'platt_on_score', 'mean': -2.46796164548736, 'std': 1.1660527836003072, 'a': 0.970228218218857, 'b': -2.3818078360185866}"
map_logistic,30.0,1200,0.1445028236089783,0.1472369594816658,"{'method': 'platt_on_score', 'mean': -2.074751067462524, 'std': 1.0589016127322364, 'a': 0.8575392582522035, 'b': -2.001368927474256}"
map_logistic,60.0,1200,0.1442843701424439,0.1472369594816658,"{'method': 'platt_on_score', 'mean': -2.080360301920417, 'std': 1.06480786564727, 'a': 0.8754459469987461, 'b': -2.012284214916654}"
map_logistic,90.0,1200,0.1442219629168031,0.1472369594816658,"{'method': 'platt_on_score', 'mean': -2.0867960652102333, 'std': 1.0745193492979954, 'a': 0.8885793696672418, 'b': -2.0192678370130657}"
map_logistic,120.0,1200,0.1441713214109855,0.1472369594816658,"{'method': 'platt_on_score', 'mean': -2.0925187291286877, 'std': 1.0845553382315616, 'a': 0.901963556652949, 'b': -2.0253764886306636}"
map_logistic,30.0,1800,0.2073828438342011,0.2101523536243766,"{'method': 'platt_on_score', 'mean': -1.5567214232993294, 'std': 0.9688827881872402, 'a': 0.778746885136585, 'b': -1.4893711471815168}"
map_logistic,60.0,1800,0.2070220266910045,0.2101523536243766,"{'method': 'platt_on_score', 'mean': -1.5599401880947408, 'std': 0.9769589843098851, 'a': 0.7985806978387749, 'b': -1.4975814614742637}"
map_logistic,90.0,1800,0.2068734544054921,0.2101523536243766,"{'method': 'platt_on_score', 'mean': -1.5638306348989075, 'std': 0.9878202439642606, 'a': 0.8154310485396883, 'b': -1.5037822769050178}"
map_logistic,120.0,1800,0.206713230885414,0.2101523536243766,"{'method': 'platt_on_score', 'mean': -1.568272035007977, 'std': 1.0000586530598792, 'a': 0.8327191754432194, 'b': -1.509584815446397}"
lgbm_numeric,30.0,300,0.0391963975663171,0.0387631546869286,"{'method': 'platt_on_score', 'mean': -4.12615018018673, 'std': 1.339078877129757, 'a': 1.3022338295316787, 'b': -4.105468701994749}"
lgbm_numeric,60.0,300,0.0388020018754647,0.0387631546869286,"{'method': 'platt_on_score', 'mean': -4.185249687421001, 'std': 1.3817750739523667, 'a': 1.3464278771267884, 'b': -4.17228562322524}"
lgbm_numeric,90.0,300,0.0385290816709445,0.0387631546869286,"{'method': 'platt_on_score', 'mean': -4.215266884431532, 'std': 1.415779312280096, 'a': 1.3727918701049693, 'b': -4.202276050839516}"
lgbm_numeric,120.0,300,0.0383780552562898,0.0387631546869286,"{'method': 'platt_on_score', 'mean': -4.225780866504309, 'std': 1.4335249049182899, 'a': 1.3842668421986435, 'b': -4.208846334048532}"
lgbm_numeric,30.0,600,0.0779773495407716,0.0772410450845959,"{'method': 'platt_on_score', 'mean': -3.0254254513175627, 'std': 1.1138084876651178, 'a': 1.0496628485846209, 'b': -2.980396560828713}"
lgbm_numeric,60.0,600,0.0772780932046761,0.0772410450845959,"{'method': 'platt_on_score', 'mean': -3.0625368423206054, 'std': 1.164496187116897, 'a': 1.09700845996327, 'b': -3.020592520006592}"
lgbm_numeric,90.0,600,0.0768736848298007,0.0772410450845959,"{'method': 'platt_on_score', 'mean': -3.0831577578691265, 'std': 1.1927444355409982, 'a': 1.1191042324299292, 'b': -3.0391294445716586}"
lgbm_numeric,120.0,600,0.0767179183695339,0.0772410450845959,"{'method': 'platt_on_score', 'mean': -3.096791274371282, 'std': 1.2128348868033072, 'a': 1.1336587049087887, 'b': -3.0498750990930668}"
lgbm_numeric,30.0,900,0.1128775952046227,0.1136343250112124,"{'method': 'platt_on_score', 'mean': -2.472859939885106, 'std': 1.042955092260736, 'a': 0.9811036468726173, 'b': -2.44942678820079}"
lgbm_numeric,60.0,900,0.1123294077199951,0.1136343250112124,"{'method': 'platt_on_score', 'mean': -2.50249112708832, 'std': 1.0907284727707482, 'a': 1.0235584107993516, 'b': -2.477997009180326}"
lgbm_numeric,90.0,900,0.1119133988512928,0.1136343250112124,"{'method': 'platt_on_score', 'mean': -2.5199147219354083, 'std': 1.119140887255716, 'a': 1.0497688103135536, 'b': -2.4958204004382787}"
lgbm_numeric,120.0,900,0.1114151158488636,0.1136343250112124,"{'method': 'platt_on_score', 'mean': -2.5292480733794793, 'std': 1.1381643089186326, 'a': 1.058925444022279, 'b': -2.5021237483032395}"
lgbm_numeric,30.0,1200,0.145816199744564,0.1472369594816658,"{'method': 'platt_on_score', 'mean': -2.1090138379711827, 'std': 1.0133292551572148, 'a': 0.9453580121697454, 'b': -2.08292453935629}"
lgbm_numeric,60.0,1200,0.1452245200171917,0.1472369594816658,"{'method': 'platt_on_score', 'mean': -2.128479814775764, 'std': 1.0530906908322557, 'a': 0.9802625050999145, 'b': -2.103609965214684}"
lgbm_numeric,90.0,1200,0.1446530566651416,0.1472369594816658,"{'method': 'platt_on_score', 'mean': -2.1437306231241218, 'std': 1.0787162635668397, 'a': 1.0053390620994107, 'b': -2.1189660819518403}"
lgbm_numeric,120.0,1200,0.1444388806470352,0.1472369594816658,"{'method': 'platt_on_score', 'mean': -2.1554304801714625, 'std': 1.096617618691899, 'a': 1.0175440793603823, 'b': -2.126986386120843}"
lgbm_numeric,30.0,1800,0.2095216551208852,0.2101523536243766,"{'method': 'platt_on_score', 'mean': -1.5930669329012437, 'std': 0.9941550250272801, 'a': 0.9266982392763191, 'b': -1.5545993288604247}"
lgbm_numeric,60.0,1800,0.2084866793110472,0.2101523536243766,"{'method': 'platt_on_score', 'mean': -1.6015666680123928, 'std': 1.0215110229122677, 'a': 0.9535733625107898, 'b': -1.5678242965949283}"
lgbm_numeric,90.0,1800,0.2082135709541234,0.2101523536243766,"{'method': 'platt_on_score', 'mean': -1.612819925311741, 'std': 1.0418756610065505, 'a': 0.9766121951071361, 'b': -1.579169028085387}"
lgbm_numeric,120.0,1800,0.2081200068628302,0.2101523536243766,"{'method': 'platt_on_score', 'mean': -1.6191811352635066, 'std': 1.0542452391357584, 'a': 0.9920880565961094, 'b': -1.587051350900459}"
lgbm_wave,30.0,300,0.0393211506009346,0.0387631546869286,"{'method': 'platt_on_score', 'mean': -4.1392314035479725, 'std': 1.3487523429608181, 'a': 1.3004180389433981, 'b': -4.09991419872873}"
lgbm_wave,60.0,300,0.0389868255544419,0.0387631546869286,"{'method': 'platt_on_score', 'mean': -4.201380135355965, 'std': 1.3921504768191257, 'a': 1.33950087113082, 'b': -4.161007195501713}"
lgbm_wave,90.0,300,0.0387347805674421,0.0387631546869286,"{'method': 'platt_on_score', 'mean': -4.225021796690967, 'std': 1.4104347186040982, 'a': 1.3614278097413697, 'b': -4.192782311301208}"
lgbm_wave,120.0,300,0.0387118262344585,0.0387631546869286,"{'method': 'platt_on_score', 'mean': -4.239523260009487, 'std': 1.4254253060498185, 'a': 1.379448809218149, 'b': -4.210957504529582}"
lgbm_wave,30.0,600,0.0778012050610615,0.0772410450845959,"{'method': 'platt_on_score', 'mean': -3.032996618350028, 'std': 1.1196705653345584, 'a': 1.047701476485672, 'b': -2.9790201827356713}"
lgbm_wave,60.0,600,0.0773307320361562,0.0772410450845959,"{'method': 'platt_on_score', 'mean': -3.068861792534431, 'std': 1.1622202330215214, 'a': 1.0854196714095588, 'b': -3.011497166598986}"
lgbm_wave,90.0,600,0.076883680955287,0.0772410450845959,"{'method': 'platt_on_score', 'mean': -3.0846003033850375, 'std': 1.1849177277946545, 'a': 1.1049022214038284, 'b': -3.0288768913035105}"
lgbm_wave,120.0,600,0.0767644844804163,0.0772410450845959,"{'method': 'platt_on_score', 'mean': -3.101819316170947, 'std': 1.2067532238180603, 'a': 1.1265622432296785, 'b': -3.0461793506792785}"
lgbm_wave,30.0,900,0.1132479175318194,0.1136343250112124,"{'method': 'platt_on_score', 'mean': -2.4815202152244824, 'std': 1.0414570425334062, 'a': 0.9814843868247523, 'b': -2.4498651042786075}"
lgbm_wave,60.0,900,0.1126101919523357,0.1136343250112124,"{'method': 'platt_on_score', 'mean': -2.505211817419688, 'std': 1.081649237400851, 'a': 1.013421237911517, 'b': -2.471911251659532}"
lgbm_wave,90.0,900,0.1120508993547796,0.1136343250112124,"{'method': 'platt_on_score', 'mean': -2.5236202464047524, 'std': 1.1088093124021008, 'a': 1.0394095925897062, 'b': -2.4908021640083438}"
lgbm_wave,120.0,900,0.1121236276534366,0.1136343250112124,"{'method': 'platt_on_score', 'mean': -2.5371222649421203, 'std': 1.1248346398579383, 'a': 1.0505181482463253, 'b': -2.498704105138566}"
lgbm_wave,30.0,1200,0.1451839562158697,0.1472369594816658,"{'method': 'platt_on_score', 'mean': -2.1110135203183362, 'std': 1.0135057990790048, 'a': 0.931704986749076, 'b': -2.0754494587099677}"
lgbm_wave,60.0,1200,0.1450095792000051,0.1472369594816658,"{'method': 'platt_on_score', 'mean': -2.131694079819234, 'std': 1.0446212861261877, 'a': 0.9715069229080782, 'b': -2.0993231346926984}"
lgbm_wave,90.0,1200,0.1449557930318658,0.1472369594816658,"{'method': 'platt_on_score', 'mean': -2.148859697997126, 'std': 1.070366459297363, 'a': 0.9985088019651025, 'b': -2.1161718184739593}"
lgbm_wave,120.0,1200,0.1445741927023265,0.1472369594816658,"{'method': 'platt_on_score', 'mean': -2.1563635479221803, 'std': 1.0858525050692547, 'a': 1.0137210174394384, 'b': -2.1253834726023153}"
lgbm_wave,30.0,1800,0.2099384319002908,0.2101523536243766,"{'method': 'platt_on_score', 'mean': -1.6003616416584086, 'std': 0.9935602698368466, 'a': 0.9171612096260391, 'b': -1.5515263251389493}"
lgbm_wave,60.0,1800,0.2092345648290798,0.2101523536243766,"{'method': 'platt_on_score', 'mean': -1.6116213791062795, 'std': 1.0166307103841272, 'a': 0.9473571112459744, 'b': -1.565611671034897}"
lgbm_wave,90.0,1800,0.2089233093871333,0.2101523536243766,"{'method': 'platt_on_score', 'mean': -1.6230788911288678, 'std': 1.0356655873330805, 'a': 0.9721861797486396, 'b': -1.5778459341707272}"
lgbm_wave,120.0,1800,0.208168589432781,0.2101523536243766,"{'method': 'platt_on_score', 'mean': -1.6237762142529248, 'std': 1.0471264791918138, 'a': 0.9910485694612566, 'b': -1.5870616743516184}"
