method,family,horizon,policy,resolved_policy,threshold,cal_recall,cal_ppv,cal_fa_per_hour,recall,ppv,fa_per_hour,events_detected,events_eligible,auroc,average_precision,ece,gates_met,gates_total,failed_gates,recall_ci_low,recall_ci_high,ppv_ci_low,ppv_ci_high,fa_ci_low,fa_ci_high
map_logistic,baseline,300,recall_first,recall_first,0.0516608204567169,0.6461538461538462,0.1484098939929328,1.8720870015535995,0.8260869565217391,0.2159090909090909,1.2038383250945042,19,23,0.8809337520403094,0.194874309665113,0.0040866479509916,1,6,"auroc,event_sensitivity,alarm_ppv,prediction_coverage,false_alarms_per_hour",0.6414915966386555,0.952529761904762,0.133235294117647,0.3111111111111111,0.8091561882333151,1.6936337851587246
map_logistic,baseline,300,fa_budget,max_recall_within_fa_budget,0.0963476154187748,0.1384615384615384,0.1836734693877551,0.310719834282755,0.217391304347826,0.2941176470588235,0.2093631869729572,5,23,0.8809337520403094,0.194874309665113,0.0040866479509916,2,6,"auroc,event_sensitivity,alarm_ppv,prediction_coverage",0.0554166666666666,0.4381009615384617,0.0909090909090909,0.5007352941176473,0.0891413949706345,0.3604821451135315
lgbm_plain,lightgbm,300,recall_first,recall_first,0.0371035892834294,0.676923076923077,0.1235955056179775,2.423614707405489,0.782608695652174,0.1363636363636363,1.9889502762430935,18,23,0.8719741324249521,0.216448993447861,0.0042540330938177,1,6,"auroc,event_sensitivity,alarm_ppv,prediction_coverage,false_alarms_per_hour",0.5293343653250774,0.9584134615384616,0.0592483660130718,0.2482122572618597,1.321746967716123,2.733598724199016
lgbm_plain,lightgbm,300,fa_budget,max_recall_within_fa_budget,0.1692617958891562,0.3538461538461538,0.3026315789473684,0.4117037804246505,0.4347826086956521,0.3846153846153846,0.279150915963943,10,23,0.8719741324249521,0.216448993447861,0.0042540330938177,2,6,"auroc,event_sensitivity,alarm_ppv,prediction_coverage",0.1998076923076923,0.6334090909090909,0.2140756302521008,0.6510576923076926,0.0763104365304057,0.5407856607220811
lgbm_class_weight,lightgbm,300,recall_first,recall_first,0.0313730532378361,0.6461538461538462,0.1024390243902439,2.8586224754013467,0.7391304347826086,0.1096774193548387,2.4076766501890083,17,23,0.861244766162799,0.2165657175492371,0.0058132651067044,1,6,"auroc,event_sensitivity,alarm_ppv,prediction_coverage,false_alarms_per_hour",0.5714285714285714,0.8889880952380952,0.054118429023356,0.1885336976320582,1.6489922071252745,3.2553934812852408
lgbm_class_weight,lightgbm,300,fa_budget,max_recall_within_fa_budget,0.1466690493177607,0.2923076923076923,0.240506329113924,0.4660797514241326,0.3043478260869565,0.3181818181818182,0.2617039837161966,7,23,0.861244766162799,0.2165657175492371,0.0058132651067044,2,6,"auroc,event_sensitivity,alarm_ppv,prediction_coverage",0.1051315789473684,0.5187134502923977,0.1428571428571428,0.5333928571428571,0.0882810742325229,0.4836753305973553
lgbm_scale_pos_20x,lightgbm,300,recall_first,recall_first,0.0293229456546038,0.6461538461538462,0.0895522388059701,3.3169342309684104,0.6956521739130435,0.0981595092024539,2.564699040418726,16,23,0.8554006103186431,0.1973137938515678,0.0052178975327715,1,6,"auroc,event_sensitivity,alarm_ppv,prediction_coverage,false_alarms_per_hour",0.4993421052631579,0.882516339869281,0.0454292929292929,0.1635105965463108,1.713117716483347,3.5119388712256905
lgbm_scale_pos_20x,lightgbm,300,fa_budget,max_recall_within_fa_budget,0.1356410256410256,0.2461538461538461,0.2051282051282051,0.4816157431382704,0.3478260869565217,0.3076923076923077,0.3140447804594358,8,23,0.8554006103186431,0.1973137938515678,0.0052178975327715,2,6,"auroc,event_sensitivity,alarm_ppv,prediction_coverage",0.1428571428571428,0.5555555555555556,0.1871228448275862,0.5266995614035088,0.1079591478865367,0.6351193336536923
lgbm_oversample_3x,lightgbm,300,recall_first,recall_first,0.0359985723857253,0.676923076923077,0.1239436619718309,2.415846711548421,0.782608695652174,0.1313868613138686,2.076184937481826,18,23,0.8663561847988078,0.2088841570594876,0.0048523798496866,1,6,"auroc,event_sensitivity,alarm_ppv,prediction_coverage,false_alarms_per_hour",0.5881845841784991,0.9131340579710144,0.0641886385426653,0.2065355149910149,1.3519876352445723,2.902738068224794
lgbm_oversample_3x,lightgbm,300,fa_budget,max_recall_within_fa_budget,0.1607692307692307,0.3384615384615385,0.2894736842105263,0.4194717762817193,0.4347826086956521,0.4,0.2617039837161966,10,23,0.8663561847988078,0.2088841570594876,0.0048523798496866,2,6,"auroc,event_sensitivity,alarm_ppv,prediction_coverage",0.1713095238095238,0.7041666666666668,0.2378571428571428,0.6666666666666666,0.0763104365304057,0.5110573184071426
lgbm_smote_3x,lightgbm,300,recall_first,recall_first,0.052415742713968,0.6615384615384615,0.1653846153846153,1.6856551009839462,0.6956521739130435,0.16,1.4655423088107007,16,23,0.8665841671989214,0.2094464719071291,0.004187610223863,1,6,"auroc,event_sensitivity,alarm_ppv,prediction_coverage,false_alarms_per_hour",0.470281862745098,0.8697010869565217,0.0743054121049369,0.2570376629647514,0.9689316800969994,2.0101887511284486
lgbm_smote_3x,lightgbm,300,fa_budget,max_recall_within_fa_budget,0.1607692307692307,0.3384615384615385,0.282051282051282,0.4350077679958571,0.391304347826087,0.3461538461538461,0.2965978482116894,9,23,0.8665841671989214,0.2094464719071291,0.004187610223863,2,6,"auroc,event_sensitivity,alarm_ppv,prediction_coverage",0.15,0.6202380952380955,0.1996875,0.538888888888889,0.0763104365304057,0.5990828841042722
lgbm_jitter_3x,lightgbm,300,recall_first,recall_first,0.0473409117927756,0.6461538461538462,0.1423728813559322,1.965302951838426,0.7391304347826086,0.1666666666666666,1.482989241058447,17,23,0.8693004399971613,0.2146918068331977,0.0043655662657405,1,6,"auroc,event_sensitivity,alarm_ppv,prediction_coverage,false_alarms_per_hour",0.5,0.8930357142857144,0.0733825496941896,0.2627770239710539,1.000241538042994,2.059788839620675
lgbm_jitter_3x,lightgbm,300,fa_budget,max_recall_within_fa_budget,0.1607692307692307,0.3230769230769231,0.2625,0.4583117555670637,0.4347826086956521,0.3448275862068966,0.3314917127071823,10,23,0.8693004399971613,0.2146918068331977,0.0043655662657405,2,6,"auroc,event_sensitivity,alarm_ppv,prediction_coverage",0.1713095238095238,0.7041666666666668,0.1996875,0.5417613636363636,0.0959121302380149,0.5992631137136905
catboost_plain,catboost,300,recall_first,recall_first,0.0484470748178708,0.6,0.1466165413533834,1.763335059554635,0.782608695652174,0.216867469879518,1.1340505961035183,18,23,0.8924623873394365,0.2621795890525138,0.0069425210326818,1,6,"auroc,event_sensitivity,alarm_ppv,prediction_coverage,false_alarms_per_hour",0.5554597701149425,0.923529411764706,0.1183086275816122,0.3151917808219178,0.6428405314142309,1.6894665643153333
catboost_plain,catboost,300,fa_budget,max_recall_within_fa_budget,0.164718514575795,0.3230769230769231,0.2658227848101265,0.4505437597099949,0.4782608695652174,0.5,0.1919162547252108,11,23,0.8924623873394365,0.2621795890525138,0.0069425210326818,2,6,"auroc,event_sensitivity,alarm_ppv,prediction_coverage",0.2307142857142857,0.7779761904761905,0.356547619047619,0.7006818181818183,0.0539282499678539,0.3530058429109988
catboost_balanced,catboost,300,recall_first,recall_first,0.0356067146812212,0.5846153846153846,0.1024258760107816,2.586742620403936,0.8260869565217391,0.1347517730496454,2.1285257342250654,19,23,0.8546740827478532,0.2132900415981171,0.0059762230594606,1,6,"auroc,event_sensitivity,alarm_ppv,prediction_coverage,false_alarms_per_hour",0.6246527777777778,1.0,0.0591901171724932,0.2302300046232085,1.4175422515383709,3.020269221608001
catboost_balanced,catboost,300,fa_budget,max_recall_within_fa_budget,0.1504435751432569,0.2307692307692307,0.1973684210526315,0.4738477472812015,0.4347826086956521,0.3448275862068966,0.3314917127071823,10,23,0.8546740827478532,0.2132900415981171,0.0059762230594606,2,6,"auroc,event_sensitivity,alarm_ppv,prediction_coverage",0.1713095238095238,0.7041666666666668,0.1949314024390244,0.5627232142857144,0.1071440023648395,0.6261938370975495
catboost_balanced_jitter,catboost,300,recall_first,recall_first,0.0351282051282051,0.6,0.1065573770491803,2.540134645261523,0.782608695652174,0.1285714285714285,2.1285257342250654,18,23,0.8735682350436448,0.2050229921024716,0.0047829825355137,1,6,"auroc,event_sensitivity,alarm_ppv,prediction_coverage,false_alarms_per_hour",0.5881845841784991,0.9131340579710144,0.0615625937406259,0.2117545871559633,1.3814819022292522,2.932738754281892
catboost_balanced_jitter,catboost,300,fa_budget,max_recall_within_fa_budget,0.1356410256410256,0.2769230769230769,0.225,0.4816157431382704,0.3478260869565217,0.2758620689655172,0.3663855772026752,8,23,0.8735682350436448,0.2050229921024716,0.0047829825355137,2,6,"auroc,event_sensitivity,alarm_ppv,prediction_coverage",0.1033620689655172,0.6113095238095239,0.1173844537815126,0.4783733133433284,0.1221361555441669,0.7327458518246324
tabm_20260917,tabm,300,recall_first,recall_first,0.034395934715867,0.6307692307692307,0.1078947368421052,2.633350595546349,0.6956521739130435,0.1118881118881118,2.2157603954637977,16,23,0.8654673195656802,0.2160568653548358,0.0066506555554649,1,6,"auroc,event_sensitivity,alarm_ppv,prediction_coverage,false_alarms_per_hour",0.4375,0.8751838235294118,0.0479055157398167,0.1906162464985994,1.375240989982766,3.166662856284693
tabm_20260917,tabm,300,fa_budget,max_recall_within_fa_budget,0.1698143678903579,0.2307692307692307,0.238095238095238,0.3728638011393061,0.2608695652173913,0.4,0.1570223902297179,6,23,0.8654673195656802,0.2160568653548358,0.0066506555554649,2,6,"auroc,event_sensitivity,alarm_ppv,prediction_coverage",0.0570300751879699,0.5217908902691512,0.1424107142857142,0.6666666666666666,0.0503269659970563,0.318128799951771
tabm_20260918,tabm,300,recall_first,recall_first,0.0360690243542194,0.6153846153846154,0.1081081081081081,2.563438632832729,0.6956521739130435,0.1194029850746268,2.05873800523408,16,23,0.8645474061457669,0.2010524763451356,0.0064735986131166,1,6,"auroc,event_sensitivity,alarm_ppv,prediction_coverage,false_alarms_per_hour",0.4375,0.8751838235294118,0.0546965737514518,0.19811738385377,1.270821838070434,2.820482010146072
tabm_20260918,tabm,300,fa_budget,max_recall_within_fa_budget,0.1538126505911349,0.2615384615384615,0.2151898734177215,0.4816157431382704,0.3043478260869565,0.3888888888888889,0.1919162547252108,7,23,0.8645474061457669,0.2010524763451356,0.0064735986131166,2,6,"auroc,event_sensitivity,alarm_ppv,prediction_coverage",0.0624080882352941,0.6128787878787884,0.2,0.6,0.0495912739622217,0.4248626676746254
tabm_20260919,tabm,300,recall_first,recall_first,0.0368005694448947,0.6153846153846154,0.108695652173913,2.547902641118592,0.7391304347826086,0.1317829457364341,1.954056411747601,17,23,0.878136753956426,0.2245863969272654,0.0067729322813069,1,6,"auroc,event_sensitivity,alarm_ppv,prediction_coverage,false_alarms_per_hour",0.5,0.9049689440993788,0.0579734474434935,0.2233575443463026,1.2010509220908314,2.714170403920004
tabm_20260919,tabm,300,fa_budget,max_recall_within_fa_budget,0.1587227694690227,0.2615384615384615,0.2297297297297297,0.442775763852926,0.2608695652173913,0.4,0.1570223902297179,6,23,0.878136753956426,0.2245863969272654,0.0067729322813069,2,6,"auroc,event_sensitivity,alarm_ppv,prediction_coverage",0.0570300751879699,0.5217908902691512,0.1814393939393939,0.6,0.0600119324556455,0.3010514431030011
ensemble_diverse,ensemble,300,recall_first,recall_first,0.0667401033238077,0.6461538461538462,0.1728395061728395,1.5613671672708442,0.6521739130434783,0.2142857142857142,0.959581273626054,15,23,0.8833785749769356,0.2338510495688004,0.0053270978162563,1,6,"auroc,event_sensitivity,alarm_ppv,prediction_coverage,false_alarms_per_hour",0.3570378151260504,0.90487012987013,0.1033620689655172,0.3334507042253521,0.4909259416776535,1.421199311924642
ensemble_diverse,ensemble,300,fa_budget,max_recall_within_fa_budget,0.1371613403046044,0.3076923076923077,0.2531645569620253,0.4583117555670637,0.391304347826087,0.391304347826087,0.2442570514684501,9,23,0.8833785749769356,0.2338510495688004,0.0053270978162563,2,6,"auroc,event_sensitivity,alarm_ppv,prediction_coverage",0.1176470588235294,0.7619047619047619,0.2,0.5559523809523811,0.0727501219255587,0.5005010317437886
map_logistic,baseline,600,recall_first,recall_first,0.099274462846135,0.7534246575342466,0.2226148409893993,1.7973856209150323,0.9166666666666666,0.2842105263157894,1.2598425196850394,22,24,0.8039635840606715,0.2223539141652024,0.0275564773063262,2,7,"auroc,alarm_ppv,prediction_coverage,early_5min_sensitivity,false_alarms_per_hour",0.7331818181818182,1.0,0.1624697580645161,0.4430444995432598,0.81322667453714,1.774355519229495
map_logistic,baseline,600,fa_budget,max_recall_within_fa_budget,0.1436144515894317,0.136986301369863,0.1587301587301587,0.4330065359477124,0.25,0.2727272727272727,0.2964335340435386,6,24,0.8039635840606715,0.2223539141652024,0.0275564773063262,2,7,"auroc,event_sensitivity,alarm_ppv,prediction_coverage,early_5min_sensitivity",0.0909090909090909,0.4403636363636364,0.124875,0.4707800511508951,0.1232454638822321,0.4863255031361784
lgbm_plain,lightgbm,600,recall_first,recall_first,0.0655300198508959,0.726027397260274,0.1498771498771498,2.8267973856209148,0.875,0.173076923076923,2.3899953682260304,21,24,0.8228095409325182,0.1875018869071461,0.0087973830847286,2,7,"auroc,alarm_ppv,prediction_coverage,early_5min_sensitivity,false_alarms_per_hour",0.7,1.0,0.1059952978056426,0.2825245365321702,1.66102561253145,3.3619099318741354
lgbm_plain,lightgbm,600,fa_budget,max_recall_within_fa_budget,0.1938135740321773,0.273972602739726,0.2933333333333333,0.4330065359477124,0.375,0.3703703703703703,0.3149606299212598,9,24,0.8228095409325182,0.1875018869071461,0.0087973830847286,2,7,"auroc,event_sensitivity,alarm_ppv,prediction_coverage,early_5min_sensitivity",0.0990625,0.6844129554655871,0.2216666666666666,0.5575757575757581,0.0704788769167861,0.6817685550218064
lgbm_class_weight,lightgbm,600,recall_first,recall_first,0.0682432612946243,0.684931506849315,0.1333333333333333,2.9738562091503264,0.8333333333333334,0.1626506024096385,2.5752663270032423,20,24,0.8249485142689026,0.1976460316438424,0.0107254314471221,1,7,"auroc,event_sensitivity,alarm_ppv,prediction_coverage,early_5min_sensitivity,false_alarms_per_hour",0.6206486042692939,0.9678341013824884,0.0918426724137931,0.2681564645308925,1.8079580209802788,3.47002749874278
lgbm_class_weight,lightgbm,600,fa_budget,max_recall_within_fa_budget,0.1858974358974359,0.2191780821917808,0.24,0.4656862745098039,0.3333333333333333,0.4736842105263157,0.1852709587772116,8,24,0.8249485142689026,0.1976460316438424,0.0107254314471221,2,7,"auroc,event_sensitivity,alarm_ppv,prediction_coverage,early_5min_sensitivity",0.1167892156862745,0.5789473684210527,0.25,0.6,0.0568833018039926,0.3611051727647295
lgbm_scale_pos_20x,lightgbm,600,recall_first,recall_first,0.0598247819368327,0.6438356164383562,0.1115702479338843,3.513071895424837,0.875,0.1435897435897435,3.094025011579435,21,24,0.8058110773321129,0.2177315632440587,0.0078500446396719,2,7,"auroc,alarm_ppv,prediction_coverage,early_5min_sensitivity,false_alarms_per_hour",0.6869791666666667,1.0,0.072110824742268,0.2346976738586014,2.142024880270996,4.106300724482097
lgbm_scale_pos_20x,lightgbm,600,fa_budget,max_recall_within_fa_budget,0.1375740723032178,0.2876712328767123,0.2682926829268293,0.4901960784313725,0.3333333333333333,0.36,0.2964335340435386,8,24,0.8058110773321129,0.2177315632440587,0.0078500446396719,2,7,"auroc,event_sensitivity,alarm_ppv,prediction_coverage,early_5min_sensitivity",0.1167892156862745,0.5789473684210527,0.2,0.5,0.1081032590708774,0.5500910568215287
lgbm_oversample_3x,lightgbm,600,recall_first,recall_first,0.0577448514930402,0.6986301369863014,0.1217391304347826,3.3006535947712417,0.875,0.1657142857142857,2.70495599814729,21,24,0.8252541597201792,0.1934213440481415,0.011287443166618,2,7,"auroc,alarm_ppv,prediction_coverage,early_5min_sensitivity,false_alarms_per_hour",0.6869791666666667,1.0,0.0933587519936204,0.2692503987240829,1.918170674853932,3.539804845461924
lgbm_oversample_3x,lightgbm,600,fa_budget,max_recall_within_fa_budget,0.1891333522761557,0.2465753424657534,0.2597402597402597,0.4656862745098039,0.25,0.28,0.333487725798981,6,24,0.8252541597201792,0.1934213440481415,0.011287443166618,2,7,"auroc,event_sensitivity,alarm_ppv,prediction_coverage,early_5min_sensitivity",0.0361111111111111,0.5,0.075,0.428968253968254,0.070715381516811,0.7405594001914738
lgbm_smote_3x,lightgbm,600,recall_first,recall_first,0.0853846153846153,0.6986301369863014,0.1779141104294478,2.1895424836601305,0.75,0.2,1.778601204261232,18,24,0.8172730541662581,0.1804355288480061,0.006770404608511,1,7,"auroc,event_sensitivity,alarm_ppv,prediction_coverage,early_5min_sensitivity,false_alarms_per_hour",0.5451515151515152,0.9047619047619048,0.1160432060755336,0.3029665051064567,1.1895080137587823,2.570802645991704
lgbm_smote_3x,lightgbm,600,fa_budget,max_recall_within_fa_budget,0.1943058060675272,0.2602739726027397,0.2727272727272727,0.457516339869281,0.375,0.3571428571428571,0.333487725798981,9,24,0.8172730541662581,0.1804355288480061,0.006770404608511,2,7,"auroc,event_sensitivity,alarm_ppv,prediction_coverage,early_5min_sensitivity",0.0990625,0.6844129554655871,0.2,0.6009090909090911,0.0610158112599409,0.764709621951515
lgbm_jitter_3x,lightgbm,600,recall_first,recall_first,0.075477240586961,0.7123287671232876,0.163538873994638,2.549019607843137,0.7916666666666666,0.181159420289855,2.093561834182492,19,24,0.820844365989997,0.1862479274585766,0.0071282587927422,1,7,"auroc,event_sensitivity,alarm_ppv,prediction_coverage,early_5min_sensitivity,false_alarms_per_hour",0.5988888888888889,0.9260536398467434,0.1047186147186147,0.288364635822263,1.3441014942599312,2.9662523279273687
lgbm_jitter_3x,lightgbm,600,fa_budget,max_recall_within_fa_budget,0.1965173348577319,0.3150684931506849,0.3012048192771084,0.4738562091503268,0.375,0.3448275862068966,0.3520148216767021,9,24,0.820844365989997,0.1862479274585766,0.0071282587927422,2,7,"auroc,event_sensitivity,alarm_ppv,prediction_coverage,early_5min_sensitivity",0.0997727272727272,0.6375598086124404,0.1995454545454545,0.5,0.0751272966010273,0.7989695428660978
catboost_plain,catboost,600,recall_first,recall_first,0.0551683398026133,0.7123287671232876,0.1370192307692307,2.933006535947712,0.875,0.1646341463414634,2.5382121352478,21,24,0.832141806413651,0.1940693800840208,0.0115590302424507,2,7,"auroc,alarm_ppv,prediction_coverage,early_5min_sensitivity,false_alarms_per_hour",0.6869791666666667,1.0,0.0902938154920895,0.261235481453728,1.8154231581531857,3.380748206472038
catboost_plain,catboost,600,fa_budget,max_recall_within_fa_budget,0.2078105818781575,0.3150684931506849,0.2976190476190476,0.4820261437908496,0.2916666666666667,0.2692307692307692,0.3520148216767021,7,24,0.832141806413651,0.1940693800840208,0.0115590302424507,2,7,"auroc,event_sensitivity,alarm_ppv,prediction_coverage,early_5min_sensitivity",0.0624080882352941,0.5,0.1172058823529411,0.5461038961038962,0.070715381516811,0.7440076836114645
catboost_balanced,catboost,600,recall_first,recall_first,0.0676629314309266,0.7123287671232876,0.1376811594202898,2.9166666666666665,0.875,0.170886075949367,2.427049559981473,21,24,0.7946171531932049,0.1773660057617475,0.0070680107184226,2,7,"auroc,alarm_ppv,prediction_coverage,early_5min_sensitivity,false_alarms_per_hour",0.6875,0.9730534105534108,0.0999834437086092,0.2857589285714285,1.5893930866042594,3.349591174742728
catboost_balanced,catboost,600,fa_budget,max_recall_within_fa_budget,0.1935479933113718,0.2465753424657534,0.2631578947368421,0.457516339869281,0.375,0.3214285714285714,0.3520148216767021,9,24,0.7946171531932049,0.1773660057617475,0.0070680107184226,2,7,"auroc,event_sensitivity,alarm_ppv,prediction_coverage,early_5min_sensitivity",0.0997727272727272,0.6375598086124404,0.1995454545454545,0.4076388888888889,0.1032855713090608,0.6872198915533742
catboost_balanced_jitter,catboost,600,recall_first,recall_first,0.0635819262310625,0.684931506849315,0.1393643031784841,2.8758169934640523,0.9166666666666666,0.1878787878787878,2.482630847614636,22,24,0.8216316345766184,0.1984180138300447,0.0106016926673802,2,7,"auroc,alarm_ppv,prediction_coverage,early_5min_sensitivity,false_alarms_per_hour",0.7331818181818182,1.0,0.1097230384954452,0.3210899175451414,1.7040468469397865,3.4244770412312957
catboost_balanced_jitter,catboost,600,fa_budget,max_recall_within_fa_budget,0.2059912135952785,0.3013698630136986,0.2948717948717949,0.4493464052287581,0.3333333333333333,0.32,0.3149606299212598,8,24,0.8216316345766184,0.1984180138300447,0.0106016926673802,2,7,"auroc,event_sensitivity,alarm_ppv,prediction_coverage,early_5min_sensitivity",0.0997727272727272,0.5655606407322655,0.1814393939393939,0.4501136363636364,0.1008651118905763,0.6077456337924162
tabm_20260917,tabm,600,recall_first,recall_first,0.0832562562823295,0.6986301369863014,0.1769662921348314,2.3937908496732025,0.875,0.2,1.9268179712830011,21,24,0.8131242304381462,0.2273146926137733,0.0061550109051172,2,7,"auroc,alarm_ppv,prediction_coverage,early_5min_sensitivity,false_alarms_per_hour",0.7,1.0,0.1127685284640171,0.3248299319727891,1.1446920217219303,2.7868387953073945
tabm_20260917,tabm,600,fa_budget,max_recall_within_fa_budget,0.2195703089237212,0.3424657534246575,0.3103448275862069,0.4901960784313725,0.3333333333333333,0.4210526315789473,0.2037980546549328,8,24,0.8131242304381462,0.2273146926137733,0.0061550109051172,2,7,"auroc,event_sensitivity,alarm_ppv,prediction_coverage,early_5min_sensitivity",0.0623263888888888,0.6529748283752862,0.1538461538461538,0.6878125,0.0351614916523638,0.4452614441204537
tabm_20260918,tabm,600,recall_first,recall_first,0.0883065015077591,0.6986301369863014,0.1783625730994152,2.295751633986928,0.8333333333333334,0.2100840336134453,1.7415470125057897,20,24,0.8157175857823107,0.2199661525229998,0.0062369674875871,1,7,"auroc,event_sensitivity,alarm_ppv,prediction_coverage,early_5min_sensitivity,false_alarms_per_hour",0.6246527777777778,0.9631313131313132,0.1084455324357405,0.3518077601410935,1.0201305268961431,2.4968020289998543
tabm_20260918,tabm,600,fa_budget,max_recall_within_fa_budget,0.211025641025641,0.3698630136986301,0.3296703296703296,0.4983660130718954,0.3333333333333333,0.3636363636363636,0.2593793422880963,8,24,0.8157175857823107,0.2199661525229998,0.0062369674875871,2,7,"auroc,event_sensitivity,alarm_ppv,prediction_coverage,early_5min_sensitivity",0.0623263888888888,0.6529748283752862,0.1111111111111111,0.5238721804511278,0.0914112290748724,0.5086513053274923
tabm_20260919,tabm,600,recall_first,recall_first,0.0729434713721275,0.6986301369863014,0.1548223350253807,2.7205882352941173,0.875,0.184931506849315,2.204724409448819,21,24,0.8261367722532771,0.2449829316225755,0.0085301123974953,2,7,"auroc,alarm_ppv,prediction_coverage,early_5min_sensitivity,false_alarms_per_hour",0.6666666666666666,1.0,0.0957513031490975,0.3308897243107769,1.330303435469399,3.109589345422545
tabm_20260919,tabm,600,fa_budget,max_recall_within_fa_budget,0.2229454419016838,0.3424657534246575,0.3294117647058823,0.4656862745098039,0.2916666666666667,0.4210526315789473,0.2037980546549328,7,24,0.8261367722532771,0.2449829316225755,0.0085301123974953,2,7,"auroc,event_sensitivity,alarm_ppv,prediction_coverage,early_5min_sensitivity",0.0623263888888888,0.5798582995951419,0.1426190476190476,0.625,0.0719916525553623,0.4189234592157125
ensemble_diverse,ensemble,600,recall_first,recall_first,0.0928316878904505,0.7123287671232876,0.1987381703470031,2.07516339869281,0.875,0.2347826086956521,1.6303844372394627,21,24,0.8277766881326751,0.2350598810430452,0.0124745911086476,2,7,"auroc,alarm_ppv,prediction_coverage,early_5min_sensitivity,false_alarms_per_hour",0.7,1.0,0.141541469438156,0.3647078804347826,1.0212491454767234,2.3241863170519537
ensemble_diverse,ensemble,600,fa_budget,max_recall_within_fa_budget,0.1858974358974359,0.3698630136986301,0.3333333333333333,0.4901960784313725,0.4583333333333333,0.4137931034482758,0.3149606299212598,11,24,0.8277766881326751,0.2350598810430452,0.0124745911086476,2,7,"auroc,event_sensitivity,alarm_ppv,prediction_coverage,early_5min_sensitivity",0.1499537037037037,0.7778985507246378,0.2497023809523809,0.6002777777777778,0.0709578624500956,0.648197837212811
