feature,mean_abs_shap,nhóm,share_%,tương quan giá trị–SHAP
map_600_min,0.2547594900200253,MAP,8.88393737788217,-0.823454087994781
map_current,0.23049663154021607,MAP,8.037846363466576,-0.4872428007704042
map_60_min,0.20247798749128787,MAP,7.060784118899031,-0.8612846969564054
mac_cur,0.14177254198321151,Độ mê / thuốc mê,4.94387229611356,0.9323749054688747
map_300_min,0.13285771652760353,MAP,4.632995747113773,-0.8708599142159898
ppf_ce_cur,0.12446488727606428,Độ mê / thuốc mê,4.340322176884567,-0.9029105312036072
rftn_ce_d300,0.12384796457419299,Độ mê / thuốc mê,4.3188089345319955,0.828292810220116
dbp_600_min,0.08840500160032366,SBP/DBP,3.0828468766643926,-0.850986293251492
bt_svr_lz_cur,0.08796211882344893,Beat (ART waveform),3.0674027302846505,-0.7703008865727751
dbp_current,0.08728064951567462,SBP/DBP,3.0436386277001315,-0.7670688225017644
dbp_300_min,0.08664653272912154,SBP/DBP,3.021525795626403,-0.8493868803818762
static_asa,0.060843710479027466,Static,2.121733379554123,0.9181497386657749
rftn_ce_cur,0.060518075318826026,Độ mê / thuốc mê,2.1103778756981573,-0.7547498324522549
dbp_60_slope,0.05689969767067807,SBP/DBP,1.9841983153875749,-0.3359840580446153
sbp_60_slope,0.05683183361648041,SBP/DBP,1.9818317695617305,-0.47385085152093853
bt_svr_lz_d300,0.05298720356778388,Beat (ART waveform),1.847762367118433,-0.4784405445723256
mac_d300,0.05291681623017793,Độ mê / thuốc mê,1.845307829705762,0.6206019761824896
hr_600_std,0.05117155198107232,HR,1.784447218406485,0.7127631395403796
sbp_300_std,0.049906794370046706,SBP/DBP,1.7403427675235437,0.6657769960678355
etco2_300_std,0.04578073995954241,EtCO2/RR,1.5964595740151355,0.36075139670575573
bt_sv_lz_cur,0.04560603425612153,Beat (ART waveform),1.5903672611100186,0.8181558803789141
sbp_600_std,0.03842332358094388,SBP/DBP,1.3398927769732032,0.5657932017754846
map_300_std,0.03669235916671498,MAP,1.2795308275198454,0.39948803048767423
bt_co_lz_d300,0.03628265767050498,Beat (ART waveform),1.2652437741281612,0.5567056403014576
preop_hb,0.03153766243957827,Static,1.0997769627187455,-0.5600332064099188
hr_60_slope,0.02893759500981502,HR,1.0091077742128647,0.37334667179038317
static_bmi,0.02527163419804856,Static,0.8812689004620053,0.2037836377879471
hr_300_slope,0.024227593902723277,HR,0.8448612730055115,0.4644139975456548
sbp_600_min,0.024186946913020133,SBP/DBP,0.8434438368538935,0.8223828664779208
bis_cur,0.022545173344163054,Độ mê / thuốc mê,0.7861921381115152,0.5243291607331989
map_600_mean,0.0212272305173451,MAP,0.7402330198067983,-0.6067273245185869
hr_600_max,0.02087583869921505,HR,0.7279793333705359,0.7649561448929666
dbp_600_mean,0.020752592082347646,SBP/DBP,0.7236814945493018,-0.6288107167774467
dbp_600_std,0.019848594875881274,SBP/DBP,0.6921574301409597,0.6581468565009301
static_age,0.018940450086311744,Static,0.6604887317935437,-0.5164561428085785
peep_cur,0.018744930494190036,Thở máy / CVP,0.6536705998667536,-0.7675106144824028
bt_pp_cur,0.01720720423992282,Beat (ART waveform),0.6000472245563327,0.7850057581953012
map_60_slope,0.015948881932527758,MAP,0.5561671846833873,-0.00039393642467013435
hr_60_std,0.014709445658299196,HR,0.5129457359230031,-0.7636824640145033
etco2_300_min,0.013985155147906906,EtCO2/RR,0.4876883783375658,-0.7742591803194101
bt_dpdt_cur,0.012917243838274377,Beat (ART waveform),0.45044832420195036,0.5892985771254984
sbp_300_min,0.012874250055901745,SBP/DBP,0.44894905102391597,0.6682584540049162
sbp_60_max,0.012302850612928946,SBP/DBP,0.4290232894017362,0.536076623392801
rr_600_mean,0.010797727821725738,EtCO2/RR,0.37653685750464977,-0.7587749744513014
etco2_600_slope,0.010643204895093294,EtCO2/RR,0.3711483555746852,0.699331313945535
hr_60_min,0.01038472860866357,HR,0.3621348065911764,0.6310799094609568
sbp_600_slope,0.009597191268229522,SBP/DBP,0.33467191437620925,0.6752847772222498
bt_ppv_cur,0.009319031398914126,Beat (ART waveform),0.32497196223765057,0.09041983943353908
hr_300_std,0.008803869389390252,HR,0.307007304545353,0.6149689923466749
map_60_mean,0.008584451844939913,MAP,0.29935580656051936,-0.3370876219522983
ppf_ce_d300,0.007651972730218798,Độ mê / thuốc mê,0.2668385250228847,0.5756174497184104
spo2_600_max,0.0075991931389075345,SpO2,0.26499800248139815,0.7151495546483936
dbp_300_slope,0.007267398908239688,SBP/DBP,0.25342772037978123,0.30073482182104433
etco2_600_mean,0.007211698503922012,EtCO2/RR,0.251485343654808,-0.6137964014366095
bis_d300,0.007111186650254437,Độ mê / thuốc mê,0.2479803083226702,0.04699377804866987
map_300_mean,0.0066461121030006,MAP,0.23176229362368797,-0.5131316469029946
hr_600_min,0.006638415391787873,HR,0.23149389498454742,0.31076262832297114
hr_600_mean,0.006172006520824874,HR,0.21522934993541773,-0.13170773350042725
sbp_300_max,0.006063955867171081,SBP/DBP,0.21146142262238976,0.45589741726386224
etco2_300_mean,0.0060486179647275574,EtCO2/RR,0.21092656142916938,-0.356269674088762
etco2_300_max,0.0054687772786048226,EtCO2/RR,0.19070643795405293,0.5820669513817228
hr_600_slope,0.0052128677303141125,HR,0.181782395904675,-0.034538005177875405
etco2_300_slope,0.005023349176649806,EtCO2/RR,0.17517353135337543,0.49618171081654733
hr_300_max,0.004998176877639775,HR,0.17429572645572525,0.6574862159996587
etco2_60_std,0.004668375887473643,EtCO2/RR,0.16279495235867733,0.42343043414340703
rr_60_min,0.004603369140347821,EtCO2/RR,0.16052804614623267,-0.5510820274622594
sbp_600_max,0.004434468320912943,SBP/DBP,0.15463816034525824,0.46446818346911095
dbp_60_min,0.004378440661369122,SBP/DBP,0.15268437162171553,-0.6636050050674572
dbp_600_slope,0.004141744491298559,SBP/DBP,0.1444303358159203,0.6839332730885498
map_60_max,0.00395600507264331,MAP,0.1379532567331832,-0.2742152546654137
sbp_current,0.0037912210309753716,SBP/DBP,0.13220693063189756,0.49888891086587367
etco2_600_min,0.0037709829162708135,EtCO2/RR,0.13150118992065826,-0.7229710854625679
hr_300_min,0.003560582363948602,HR,0.12416413122676849,0.35546430841333554
rr_60_mean,0.003497822428792557,EtCO2/RR,0.12197557552773479,-0.46398764296766304
sbp_300_mean,0.0034369862822181043,SBP/DBP,0.11985410591560527,0.48644585745073654
etco2_60_min,0.0034093940705447615,EtCO2/RR,0.11889191416131976,-0.6287302874386846
hr_60_max,0.0033661567983095603,HR,0.11738415003878296,-0.3431468718268874
map_600_max,0.003357385319021022,MAP,0.11707827223731365,-0.20572131306516467
map_300_slope,0.003320527537339919,MAP,0.11579297281896093,0.5206602389937907
emop,0.003132774171300601,Static,0.10924566364414363,-0.6575528325307729
etco2_600_max,0.0031123441210154125,EtCO2/RR,0.10853322978212604,0.01715177300189813
sbp_60_std,0.0029786634278281196,SBP/DBP,0.10387153530780269,0.4428146545899525
map_60_std,0.0029771006869484533,MAP,0.10381703962596676,0.25322791291499774
cvp_d300,0.0029389229624167397,Thở máy / CVP,0.10248571134475878,-0.17809367421180017
dbp_600_max,0.002671058961382738,SBP/DBP,0.09314479528786145,-0.4510380731204658
dbp_300_std,0.0026467697180321634,SBP/DBP,0.09229778418391518,0.2995679209395549
dbp_300_max,0.002602168116430346,SBP/DBP,0.09074244335813221,-0.7221905149037923
etco2_600_std,0.0025929634099698794,EtCO2/RR,0.09042145811919118,0.7085915277451876
sbp_600_mean,0.002587025592673631,SBP/DBP,0.09021439538320819,-0.05089751464901279
sbp_age,0.0025416646697801917,SBP/DBP,0.08863257561132618,0.31359180778562196
spo2_600_mean,0.0022411448754746503,SpO2,0.0781528912894012,0.002798460136682443
dbp_600_missing,0.0021231019044626325,SBP/DBP,0.07403651328013648,0.584573850865309
bt_co_lz_cur,0.0020980983396851048,Beat (ART waveform),0.07316459245909106,0.09708550026958429
hr_600_missing,0.0020742011376406544,HR,0.07233125256485273,0.5363467455395271
rr_300_mean,0.0020259794034150715,EtCO2/RR,0.0706496709794944,-0.2555782785400315
etco2_600_missing,0.0018451913896010746,EtCO2/RR,0.06434525659528835,0.7392625081547047
map_600_slope,0.0017283646710209736,MAP,0.060271291571070806,0.2294886480719106
spo2_300_max,0.0015733946780212092,SpO2,0.05486719960514433,0.5559847588167586
sbp_600_missing,0.0014473609502218443,SBP/DBP,0.05047216904050239,0.6808917891620447
hr_60_mean,0.0013117696564662069,HR,0.04574384836983209,0.38208440786683473
spo2_300_min,0.001245213057416547,SpO2,0.0434228959374202,-0.400850804513644
hr_300_mean,0.0011362177127964357,HR,0.03962202549287016,0.19942869901707655
bt_dpdt_d300,0.0010925319432321737,Beat (ART waveform),0.038098621434073415,0.3611484043127655
dbp_60_std,0.001040703753550083,SBP/DBP,0.03629127603740733,-0.22582048792061304
spo2_60_mean,0.001033813446806206,SpO2,0.03605099822235051,-0.4482184091974059
rr_current,0.001003684484638899,EtCO2/RR,0.03500034525890684,-0.5127460500628714
hr_age,0.0009826442814951201,HR,0.03426663423156667,-0.037629973329441395
spo2_age,0.0009284362079704568,SpO2,0.03237629785771505,-0.0034315312129631083
cvp_cur,0.0008885948660620869,Thở máy / CVP,0.030986956143547986,0.012023168140118279
spo2_300_std,0.0008600980805396118,SpO2,0.029993220216251584,0.36148560031161414
map_age,0.0008424265759828572,MAP,0.029376981975851486,0.04828013932064536
dbp_60_max,0.0008288568284170854,SBP/DBP,0.028903779632737554,-0.0890205108228825
spo2_600_slope,0.0008047528631579393,SpO2,0.028063229520535377,0.22237148933760728
sbp_60_min,0.0007864929842777751,SBP/DBP,0.02742647357285178,0.3595364646691572
rr_age,0.0007349495506975337,EtCO2/RR,0.025629058151224505,0.06474490114692599
bt_sv_lz_d300,0.0006494503282235258,Beat (ART waveform),0.02264754119867841,-0.31350096209758394
rr_600_min,0.0005691038898669246,EtCO2/RR,0.019845711414673867,0.35540463886102447
preop_htn,0.000506202992851735,Static,0.017652240113362836,0.2451531945408813
spo2_600_std,0.00042219933999956876,SpO2,0.01472287645592524,0.06643082772510438
rr_300_slope,0.00042149022475289436,EtCO2/RR,0.014698148288018084,-0.33235913969700054
spo2_300_missing,0.0003642258897429954,SpO2,0.012701234390231513,0.8594298169017903
rr_600_std,0.00035853553436443844,EtCO2/RR,0.012502801111702726,-0.19431191002332876
etco2_60_max,0.0003532707874113826,EtCO2/RR,0.012319209590783654,0.37555825847220925
etco2_age,0.00030955346088072736,EtCO2/RR,0.010794705081859415,-0.005125043903608226
sbp_60_mean,0.00030489498436770036,SBP/DBP,0.010632255339104734,0.33904838143544996
spo2_600_min,0.0002884196640504025,SpO2,0.010057730268545364,-0.31486929783853207
rr_600_max,0.0002851080280149118,EtCO2/RR,0.009942247358937856,0.07369061953013183
rr_600_missing,0.00025282847127473573,EtCO2/RR,0.00881659916171868,0.7322097371932265
etco2_60_mean,0.00024696803472142005,EtCO2/RR,0.008612234836202815,-0.020484726572611297
spo2_60_slope,0.00020319559810569587,SpO2,0.007085808536084051,0.4442384731909788
rr_300_std,0.00015540887981040143,EtCO2/RR,0.005419396765529315,0.4468577876192903
etco2_current,0.00013601415823821794,EtCO2/RR,0.004743066741885467,-0.18200339839058352
map_300_max,0.00011099583615816925,MAP,0.003870631306246274,-0.10544483387903386
hr_current,0.00010836536072424961,HR,0.0037789017340636535,-0.09944852446569366
dbp_300_mean,9.05018790416286e-05,SBP/DBP,0.0031559688941255777,0.04195226651688909
map_600_std,8.599173574667993e-05,MAP,0.0029986918066480916,0.1453530482283899
rr_300_min,8.487391914517094e-05,EtCO2/RR,0.0029597114621396996,0.15290456099919567
spo2_300_mean,6.35992781388238e-05,SpO2,0.0022178251503777485,-0.1300331223380955
map_60_missing,0.0,MAP,0.0,
map_300_missing,0.0,MAP,0.0,
map_600_missing,0.0,MAP,0.0,
dbp_60_mean,0.0,SBP/DBP,0.0,
dbp_60_missing,0.0,SBP/DBP,0.0,
sbp_300_slope,0.0,SBP/DBP,0.0,
sbp_300_missing,0.0,SBP/DBP,0.0,
sbp_60_missing,0.0,SBP/DBP,0.0,
spo2_60_min,0.0,SpO2,0.0,
spo2_60_max,0.0,SpO2,0.0,
etco2_60_missing,0.0,EtCO2/RR,0.0,
spo2_60_std,0.0,SpO2,0.0,
spo2_60_missing,0.0,SpO2,0.0,
dbp_300_missing,0.0,SBP/DBP,0.0,
hr_300_missing,0.0,HR,0.0,
hr_60_missing,0.0,HR,0.0,
dbp_age,0.0,SBP/DBP,0.0,
spo2_300_slope,0.0,SpO2,0.0,
spo2_600_missing,0.0,SpO2,0.0,
etco2_60_slope,0.0,EtCO2/RR,0.0,
etco2_300_missing,0.0,EtCO2/RR,0.0,
spo2_current,0.0,SpO2,0.0,
rr_60_slope,0.0,EtCO2/RR,0.0,
rr_60_std,0.0,EtCO2/RR,0.0,
rr_60_missing,0.0,EtCO2/RR,0.0,
rr_60_max,0.0,EtCO2/RR,0.0,
rr_300_max,0.0,EtCO2/RR,0.0,
rr_600_slope,0.0,EtCO2/RR,0.0,
rr_300_missing,0.0,EtCO2/RR,0.0,
bt_ppv_d300,0.0,Beat (ART waveform),0.0,
bt_pp_d300,0.0,Beat (ART waveform),0.0,
bt_valid_frac_d300,0.0,Beat (ART waveform),0.0,
bt_valid_frac_cur,0.0,Beat (ART waveform),0.0,
peep_d300,0.0,Thở máy / CVP,0.0,
sex,0.0,Static,0.0,
