feature,nhóm,auroc_y_300,hướng_y_300,n_y_300,auroc_y_600,hướng_y_600,n_y_600
map_current,MAP,0.8074196769523201,thấp → nguy cơ,381904.0,0.7513914140277691,thấp → nguy cơ,362021.0
map_60_min,MAP,0.8072564636120979,thấp → nguy cơ,381904.0,0.7569470103039397,thấp → nguy cơ,362021.0
dbp_current,SBP/DBP,0.7975516888521611,thấp → nguy cơ,380262.0,0.7517492391980666,thấp → nguy cơ,360472.0
map_300_min,MAP,0.7893965986192115,thấp → nguy cơ,381904.0,0.7562497292185254,thấp → nguy cơ,362021.0
dbp_60_min,SBP/DBP,0.7873411376112792,thấp → nguy cơ,381698.0,0.7485492328456145,thấp → nguy cơ,361848.0
map_60_mean,MAP,0.7778330253290759,thấp → nguy cơ,381904.0,0.7332908246752425,thấp → nguy cơ,362021.0
dbp_60_mean,SBP/DBP,0.7768238404639053,thấp → nguy cơ,381698.0,0.7399428678243467,thấp → nguy cơ,361848.0
dbp_300_min,SBP/DBP,0.7672205981533401,thấp → nguy cơ,381838.0,0.7424974023879609,thấp → nguy cơ,361977.0
map_600_min,MAP,0.7625860023304738,thấp → nguy cơ,381904.0,0.7406331365007628,thấp → nguy cơ,362021.0
dbp_60_max,SBP/DBP,0.7555893041023694,thấp → nguy cơ,381698.0,0.7226400978776679,thấp → nguy cơ,361848.0
map_60_max,MAP,0.7513038737442695,thấp → nguy cơ,381904.0,0.7126104802567219,thấp → nguy cơ,362021.0
dbp_600_min,SBP/DBP,0.7418763889926288,thấp → nguy cơ,381858.0,0.7266084580545581,thấp → nguy cơ,361997.0
dbp_300_mean,SBP/DBP,0.7340015890044347,thấp → nguy cơ,381838.0,0.7192786226300971,thấp → nguy cơ,361977.0
dbp_600_mean,SBP/DBP,0.7291800440850111,thấp → nguy cơ,381858.0,0.7224996032775706,thấp → nguy cơ,361997.0
bt_svr_lz_cur,Beat (ART waveform),0.722489092773698,thấp → nguy cơ,370952.0,0.7047638192771208,thấp → nguy cơ,351730.0
map_300_mean,MAP,0.7207690193595133,thấp → nguy cơ,381904.0,0.7026403881450438,thấp → nguy cơ,362021.0
sbp_current,SBP/DBP,0.7187330665207159,thấp → nguy cơ,380440.0,0.6630879654981612,thấp → nguy cơ,360619.0
map_600_mean,MAP,0.7136823183262624,thấp → nguy cơ,381904.0,0.7059057100497574,thấp → nguy cơ,362021.0
sbp_60_min,SBP/DBP,0.701313849514603,thấp → nguy cơ,381809.0,0.6547349639656312,thấp → nguy cơ,361930.0
sbp_300_min,SBP/DBP,0.6914830011396316,thấp → nguy cơ,381904.0,0.6616545584197853,thấp → nguy cơ,362021.0
sbp_60_mean,SBP/DBP,0.6908577434007436,thấp → nguy cơ,381809.0,0.6467257840636262,thấp → nguy cơ,361930.0
sbp_600_min,SBP/DBP,0.6806794016239659,thấp → nguy cơ,381904.0,0.6616867356292004,thấp → nguy cơ,362021.0
sbp_60_max,SBP/DBP,0.6745359564096698,thấp → nguy cơ,381809.0,0.6338181017647944,thấp → nguy cơ,361930.0
dbp_300_max,SBP/DBP,0.6659248435646152,thấp → nguy cơ,381838.0,0.6626747528717143,thấp → nguy cơ,361977.0
sbp_60_slope,SBP/DBP,0.6532738619070894,thấp → nguy cơ,381790.0,0.5940534120820484,thấp → nguy cơ,361912.0
map_60_slope,MAP,0.6476277665958127,thấp → nguy cơ,381904.0,0.5910422486277647,thấp → nguy cơ,362021.0
dbp_60_slope,SBP/DBP,0.644157750880624,thấp → nguy cơ,381675.0,0.5894323223345381,thấp → nguy cơ,361827.0
sbp_300_mean,SBP/DBP,0.642154877137457,thấp → nguy cơ,381904.0,0.6245406531085704,thấp → nguy cơ,362021.0
sbp_600_mean,SBP/DBP,0.6421187599642663,thấp → nguy cơ,381904.0,0.6334514136964692,thấp → nguy cơ,362021.0
dbp_600_max,SBP/DBP,0.6388634354241554,thấp → nguy cơ,381858.0,0.6421239215019079,thấp → nguy cơ,361997.0
map_300_max,MAP,0.6381391386039923,thấp → nguy cơ,381904.0,0.6326303598237439,thấp → nguy cơ,362021.0
bt_sv_lz_cur,Beat (ART waveform),0.6311014301835391,cao → nguy cơ,370952.0,0.6317850495990285,cao → nguy cơ,351730.0
bt_co_lz_cur,Beat (ART waveform),0.6275143860882326,cao → nguy cơ,370952.0,0.6281643978833691,cao → nguy cơ,351730.0
sbp_300_std,SBP/DBP,0.6202367997164273,cao → nguy cơ,381904.0,0.5977450874509649,cao → nguy cơ,362021.0
sbp_600_std,SBP/DBP,0.6145624782468465,cao → nguy cơ,381904.0,0.5971013618322256,cao → nguy cơ,362021.0
map_300_std,MAP,0.6063634609727584,cao → nguy cơ,381904.0,0.5827553356333807,cao → nguy cơ,362021.0
map_600_std,MAP,0.5959287124155671,cao → nguy cơ,381904.0,0.5774841424948516,cao → nguy cơ,362021.0
dbp_300_std,SBP/DBP,0.5923472594869985,cao → nguy cơ,381838.0,0.5686178427601718,cao → nguy cơ,361977.0
map_600_max,MAP,0.5907049555285366,thấp → nguy cơ,381904.0,0.5951473045167839,thấp → nguy cơ,362021.0
ppf_ce_cur,Độ mê / thuốc mê,0.5896376059628496,thấp → nguy cơ,203252.0,0.5948487822381824,thấp → nguy cơ,193175.0
dbp_600_std,SBP/DBP,0.5893310914405969,cao → nguy cơ,381858.0,0.5690817220492491,cao → nguy cơ,361997.0
bt_svr_lz_d300,Beat (ART waveform),0.5860974276851272,thấp → nguy cơ,369985.0,0.5459369579676353,thấp → nguy cơ,350817.0
sbp_300_max,SBP/DBP,0.5848985817905143,thấp → nguy cơ,381904.0,0.5764055726473618,thấp → nguy cơ,362021.0
dbp_300_slope,SBP/DBP,0.5799812065110095,thấp → nguy cơ,381837.0,0.5382451937363704,thấp → nguy cơ,361976.0
sbp_300_slope,SBP/DBP,0.5724890281831292,thấp → nguy cơ,381904.0,0.5298698046751524,thấp → nguy cơ,362021.0
map_300_slope,MAP,0.5700145501036957,thấp → nguy cơ,381904.0,0.5304205966090926,thấp → nguy cơ,362021.0
preop_hb,Static,0.568621129315329,thấp → nguy cơ,360798.0,0.565235968134727,thấp → nguy cơ,342248.0
hr_600_std,HR,0.5651634763171465,cao → nguy cơ,381881.0,0.5518869437699797,cao → nguy cơ,362009.0
static_asa,Static,0.5646021123035369,cao → nguy cơ,374525.0,0.5613022164468477,cao → nguy cơ,355062.0
etco2_300_std,EtCO2/RR,0.5638247441938375,cao → nguy cơ,380414.0,0.5510908635196057,cao → nguy cơ,360619.0
rftn_ce_d300,Độ mê / thuốc mê,0.5606990571973149,cao → nguy cơ,329045.0,0.5482648487413088,cao → nguy cơ,313717.0
sbp_600_max,SBP/DBP,0.5604542497847371,thấp → nguy cơ,381904.0,0.5600122727635072,thấp → nguy cơ,362021.0
hr_600_max,HR,0.5594607979477372,cao → nguy cơ,381881.0,0.554801644649055,cao → nguy cơ,362009.0
etco2_600_std,EtCO2/RR,0.5589644834418831,cao → nguy cơ,380504.0,0.5472503643465055,cao → nguy cơ,360701.0
mac_cur,Độ mê / thuốc mê,0.5586480899500795,cao → nguy cơ,380255.0,0.5607621094358376,cao → nguy cơ,360498.0
hr_300_max,HR,0.5560407818600662,cao → nguy cơ,381761.0,0.5540229508615274,cao → nguy cơ,361907.0
hr_300_std,HR,0.5537933490866954,cao → nguy cơ,381761.0,0.5440487476522348,cao → nguy cơ,361907.0
etco2_600_min,EtCO2/RR,0.552891832032048,thấp → nguy cơ,380504.0,0.5502138490069481,thấp → nguy cơ,360701.0
etco2_300_min,EtCO2/RR,0.5500789044376393,thấp → nguy cơ,380414.0,0.5461317706828006,thấp → nguy cơ,360619.0
hr_300_mean,HR,0.5498240942977685,cao → nguy cơ,381761.0,0.5500080751168906,cao → nguy cơ,361907.0
rftn_ce_cur,Độ mê / thuốc mê,0.5497454555733031,thấp → nguy cơ,329273.0,0.5708010787555928,thấp → nguy cơ,313923.0
hr_600_mean,HR,0.5495224919422016,cao → nguy cơ,381881.0,0.5483352239625111,cao → nguy cơ,362009.0
hr_60_min,HR,0.5472250844220257,cao → nguy cơ,380754.0,0.548116455159171,cao → nguy cơ,360967.0
bt_pp_d300,Beat (ART waveform),0.5462139514263011,thấp → nguy cơ,369985.0,0.5105049605823299,thấp → nguy cơ,350817.0
hr_60_mean,HR,0.545788683457287,cao → nguy cơ,380754.0,0.5479160456803731,cao → nguy cơ,360967.0
static_age,Static,0.5449307633893254,cao → nguy cơ,381904.0,0.5455544658496574,cao → nguy cơ,362021.0
bt_dpdt_d300,Beat (ART waveform),0.543411673317426,thấp → nguy cơ,369985.0,0.5088707870121976,thấp → nguy cơ,350817.0
hr_current,HR,0.542649108178399,cao → nguy cơ,379219.0,0.5458001941371876,cao → nguy cơ,359502.0
hr_60_max,HR,0.5411630684389513,cao → nguy cơ,380754.0,0.5447069798903418,cao → nguy cơ,360967.0
bt_sv_lz_d300,Beat (ART waveform),0.538963540862545,cao → nguy cơ,369985.0,0.5332539847322844,cao → nguy cơ,350817.0
bt_ppv_cur,Beat (ART waveform),0.5367332096826363,cao → nguy cơ,370888.0,0.5284018151011833,cao → nguy cơ,351670.0
sbp_60_std,SBP/DBP,0.5367159133691369,cao → nguy cơ,381809.0,0.5306766066648875,cao → nguy cơ,361930.0
hr_300_min,HR,0.5364981973056205,cao → nguy cơ,381761.0,0.5388747163469184,cao → nguy cơ,361907.0
etco2_60_min,EtCO2/RR,0.5357299444540138,thấp → nguy cơ,380215.0,0.5337383209317175,thấp → nguy cơ,360444.0
bt_co_lz_d300,Beat (ART waveform),0.5343669390708243,cao → nguy cơ,369985.0,0.5352494904002727,cao → nguy cơ,350817.0
etco2_600_mean,EtCO2/RR,0.5342970092578763,thấp → nguy cơ,380504.0,0.5359667079119256,thấp → nguy cơ,360701.0
etco2_current,EtCO2/RR,0.5340993502600756,thấp → nguy cơ,380059.0,0.5301819932971537,thấp → nguy cơ,360303.0
etco2_60_slope,EtCO2/RR,0.5337866453031843,thấp → nguy cơ,380209.0,0.5165921283628191,thấp → nguy cơ,360440.0
rr_600_min,EtCO2/RR,0.5336511639726422,thấp → nguy cơ,379833.0,0.5334074530276464,thấp → nguy cơ,360066.0
rr_300_min,EtCO2/RR,0.5335333415965728,thấp → nguy cơ,379757.0,0.5356783237365961,thấp → nguy cơ,359996.0
mac_d300,Độ mê / thuốc mê,0.5332058272301585,cao → nguy cơ,380214.0,0.5280104733310806,cao → nguy cơ,360462.0
etco2_60_mean,EtCO2/RR,0.5308854337649711,thấp → nguy cơ,380215.0,0.5291155785983119,thấp → nguy cơ,360444.0
hr_600_min,HR,0.5302907013929662,cao → nguy cơ,381881.0,0.5326250488570734,cao → nguy cơ,362009.0
etco2_300_mean,EtCO2/RR,0.5300290125986367,thấp → nguy cơ,380414.0,0.5314569095658883,thấp → nguy cơ,360619.0
rr_600_mean,EtCO2/RR,0.5297651824571841,thấp → nguy cơ,379833.0,0.533752217285616,thấp → nguy cơ,360066.0
bt_pp_cur,Beat (ART waveform),0.5294528252496852,thấp → nguy cơ,370952.0,0.5025206127417319,thấp → nguy cơ,351730.0
bt_dpdt_cur,Beat (ART waveform),0.5287351087078418,thấp → nguy cơ,370952.0,0.5071466183819525,thấp → nguy cơ,351730.0
rr_300_mean,EtCO2/RR,0.5286434488554336,thấp → nguy cơ,379757.0,0.5333769547362903,thấp → nguy cơ,359996.0
rr_60_min,EtCO2/RR,0.5282009879179028,thấp → nguy cơ,379586.0,0.532989899990403,thấp → nguy cơ,359849.0
map_60_std,MAP,0.527484833403204,cao → nguy cơ,381904.0,0.5191118012308928,cao → nguy cơ,362021.0
rr_current,EtCO2/RR,0.5272318684264767,thấp → nguy cơ,379404.0,0.5320976363135743,thấp → nguy cơ,359685.0
dbp_600_slope,SBP/DBP,0.527191843678227,thấp → nguy cơ,381857.0,0.5013080975025971,cao → nguy cơ,361996.0
cvp_cur,Thở máy / CVP,0.527046054133391,thấp → nguy cơ,174706.0,0.5214476889077897,thấp → nguy cơ,168085.0
rr_60_mean,EtCO2/RR,0.5268584740013936,thấp → nguy cơ,379586.0,0.5319603735034178,thấp → nguy cơ,359849.0
rr_60_max,EtCO2/RR,0.5254532486332906,thấp → nguy cơ,379586.0,0.5307641039072762,thấp → nguy cơ,359849.0
etco2_60_max,EtCO2/RR,0.5250753602717703,thấp → nguy cơ,380215.0,0.5235346392398306,thấp → nguy cơ,360444.0
bis_d300,Độ mê / thuốc mê,0.5247803198423676,thấp → nguy cơ,353176.0,0.5115599068388722,thấp → nguy cơ,334913.0
preop_htn,Static,0.5233147097732037,cao → nguy cơ,381904.0,0.5252993975191856,cao → nguy cơ,362021.0
etco2_60_std,EtCO2/RR,0.5220032858995134,cao → nguy cơ,380215.0,0.5208387439241244,cao → nguy cơ,360444.0
rr_600_std,EtCO2/RR,0.5215723613527116,cao → nguy cơ,379833.0,0.5151212034817608,cao → nguy cơ,360066.0
dbp_600_missing,SBP/DBP,0.5209128605890143,cao → nguy cơ,381904.0,0.5166932137147868,cao → nguy cơ,362021.0
map_600_slope,MAP,0.5202479508367384,thấp → nguy cơ,381904.0,0.5068228123403506,cao → nguy cơ,362021.0
rr_300_max,EtCO2/RR,0.5199976078931425,thấp → nguy cơ,379757.0,0.5267677543169542,thấp → nguy cơ,359996.0
emop,Static,0.5196789318994095,cao → nguy cơ,381904.0,0.5174196567054157,cao → nguy cơ,362021.0
spo2_600_std,SpO2,0.5196406162658945,cao → nguy cơ,381904.0,0.5132622588258019,cao → nguy cơ,362021.0
rr_300_std,EtCO2/RR,0.519352452337395,cao → nguy cơ,379757.0,0.5138309578744792,cao → nguy cơ,359996.0
etco2_600_slope,EtCO2/RR,0.5190323053042776,cao → nguy cơ,380502.0,0.5217949017826469,cao → nguy cơ,360699.0
spo2_300_std,SpO2,0.5189396974765267,cao → nguy cơ,381873.0,0.5123841550354344,cao → nguy cơ,361990.0
sbp_600_missing,SBP/DBP,0.5187011380867419,cao → nguy cơ,381904.0,0.5146155278108153,cao → nguy cơ,362021.0
rr_600_max,EtCO2/RR,0.5178995658515181,thấp → nguy cơ,379833.0,0.5245094451328621,thấp → nguy cơ,360066.0
spo2_600_min,SpO2,0.5164180256294237,thấp → nguy cơ,381904.0,0.5107697611607144,thấp → nguy cơ,362021.0
static_bmi,Static,0.5162539227092481,thấp → nguy cơ,381904.0,0.5156847450278033,thấp → nguy cơ,362021.0
spo2_current,SpO2,0.5160380969465606,thấp → nguy cơ,381130.0,0.5114955001231181,thấp → nguy cơ,361333.0
spo2_600_mean,SpO2,0.5153611161975934,thấp → nguy cơ,381904.0,0.5104161401785968,thấp → nguy cơ,362021.0
sbp_600_slope,SBP/DBP,0.5149223277915839,thấp → nguy cơ,381904.0,0.5117060531703104,cao → nguy cơ,362021.0
spo2_300_min,SpO2,0.5143720689990876,thấp → nguy cơ,381873.0,0.5084902916817917,thấp → nguy cơ,361990.0
spo2_300_mean,SpO2,0.5140738679160276,thấp → nguy cơ,381873.0,0.5085796825201034,thấp → nguy cơ,361990.0
hr_60_slope,HR,0.5138692592263903,thấp → nguy cơ,380684.0,0.5071467879333335,thấp → nguy cơ,360899.0
spo2_60_mean,SpO2,0.5135340671746642,thấp → nguy cơ,381520.0,0.5092523688427374,thấp → nguy cơ,361689.0
spo2_60_min,SpO2,0.5126501887505277,thấp → nguy cơ,381520.0,0.5087267757348333,thấp → nguy cơ,361689.0
dbp_300_missing,SBP/DBP,0.5115036680563988,cao → nguy cơ,381904.0,0.5095959826234313,cao → nguy cơ,362021.0
spo2_60_std,SpO2,0.5106405036100481,cao → nguy cơ,381520.0,0.5087517066798202,cao → nguy cơ,361689.0
spo2_60_max,SpO2,0.5104715336489569,thấp → nguy cơ,381520.0,0.5067555496290915,thấp → nguy cơ,361689.0
sbp_300_missing,SBP/DBP,0.5101145317919963,cao → nguy cơ,381904.0,0.5084483681538626,cao → nguy cơ,362021.0
spo2_60_slope,SpO2,0.5099301265647831,thấp → nguy cơ,381511.0,0.5049421915408557,thấp → nguy cơ,361680.0
ppf_ce_d300,Độ mê / thuốc mê,0.5097725479856152,cao → nguy cơ,203204.0,0.5056077481035985,cao → nguy cơ,193136.0
etco2_300_max,EtCO2/RR,0.5097262652355308,thấp → nguy cơ,380414.0,0.5142096223725432,thấp → nguy cơ,360619.0
cvp_d300,Thở máy / CVP,0.5092173480843856,thấp → nguy cơ,174363.0,0.5062597918066082,thấp → nguy cơ,167769.0
rr_600_missing,EtCO2/RR,0.5085827197329861,cao → nguy cơ,381904.0,0.5089112878721482,cao → nguy cơ,362021.0
etco2_600_max,EtCO2/RR,0.5083223493198319,thấp → nguy cơ,380504.0,0.5152832793057827,thấp → nguy cơ,360701.0
bt_valid_frac_cur,Beat (ART waveform),0.5076261176538799,thấp → nguy cơ,371767.0,0.5081201005393268,thấp → nguy cơ,352471.0
etco2_600_missing,EtCO2/RR,0.5075682239064973,cao → nguy cơ,381904.0,0.5076186032564142,cao → nguy cơ,362021.0
hr_60_std,HR,0.507189029278638,thấp → nguy cơ,380754.0,0.5031492896569789,thấp → nguy cơ,360967.0
rr_300_missing,EtCO2/RR,0.5067134363503207,cao → nguy cơ,381904.0,0.5065879435195878,cao → nguy cơ,362021.0
sex,Static,0.506491059301145,thấp → nguy cơ,381904.0,0.5063916818868546,thấp → nguy cơ,362021.0
rr_age,EtCO2/RR,0.5061572900379832,cao → nguy cơ,381904.0,0.5071036042046946,cao → nguy cơ,362021.0
etco2_300_missing,EtCO2/RR,0.5057499660806059,cao → nguy cơ,381904.0,0.5057097984864876,cao → nguy cơ,362021.0
sbp_age,SBP/DBP,0.5056383783520466,cao → nguy cơ,381904.0,0.5060758085472091,cao → nguy cơ,362021.0
dbp_age,SBP/DBP,0.5055994715197037,cao → nguy cơ,381904.0,0.5060735626314953,cao → nguy cơ,362021.0
spo2_300_slope,SpO2,0.5055482214433512,thấp → nguy cơ,381872.0,0.5023724940093872,thấp → nguy cơ,361989.0
etco2_age,EtCO2/RR,0.5055180605912442,cao → nguy cơ,381904.0,0.5066859379512241,cao → nguy cơ,362021.0
rr_60_std,EtCO2/RR,0.5052854606992102,cao → nguy cơ,379586.0,0.505091881335621,cao → nguy cơ,359849.0
bt_ppv_d300,Beat (ART waveform),0.5049814504892337,thấp → nguy cơ,369847.0,0.5079380871019008,thấp → nguy cơ,350688.0
spo2_600_slope,SpO2,0.5049408727326012,thấp → nguy cơ,381904.0,0.5005099842698856,cao → nguy cơ,362021.0
rr_60_missing,EtCO2/RR,0.5048395908474114,cao → nguy cơ,381904.0,0.5048698307373092,cao → nguy cơ,362021.0
peep_cur,Thở máy / CVP,0.5043702170321674,thấp → nguy cơ,378978.0,0.500032460774864,thấp → nguy cơ,359318.0
spo2_age,SpO2,0.5043647549813051,cao → nguy cơ,381904.0,0.5051688577720037,cao → nguy cơ,362021.0
etco2_60_missing,EtCO2/RR,0.5041066925486725,cao → nguy cơ,381904.0,0.5040743137069996,cao → nguy cơ,362021.0
hr_600_slope,HR,0.5038101793475729,cao → nguy cơ,381878.0,0.5139812547658322,cao → nguy cơ,362006.0
spo2_600_missing,SpO2,0.5037836004021982,cao → nguy cơ,381904.0,0.5028396500579885,cao → nguy cơ,362021.0
map_600_missing,MAP,0.5036776687444702,cao → nguy cơ,381904.0,0.5031188420775685,cao → nguy cơ,362021.0
bt_valid_frac_d300,Beat (ART waveform),0.5033328093099487,cao → nguy cơ,371433.0,0.500927406404919,cao → nguy cơ,352155.0
dbp_60_missing,SBP/DBP,0.5029594716201995,cao → nguy cơ,381904.0,0.5028055909756834,cao → nguy cơ,362021.0
peep_d300,Thở máy / CVP,0.5029217197394983,thấp → nguy cơ,378890.0,0.5006580428970818,thấp → nguy cơ,359239.0
hr_600_missing,HR,0.5028773469840708,cao → nguy cơ,381904.0,0.5029888913968534,cao → nguy cơ,362021.0
rr_300_slope,EtCO2/RR,0.5027031970804846,cao → nguy cơ,379756.0,0.500722749907135,cao → nguy cơ,359995.0
sbp_60_missing,SBP/DBP,0.5026060034122576,cao → nguy cơ,381904.0,0.5024564150720192,cao → nguy cơ,362021.0
spo2_300_missing,SpO2,0.502486598506953,cao → nguy cơ,381904.0,0.5020275059101282,cao → nguy cơ,362021.0
map_age,MAP,0.5023802808158055,cao → nguy cơ,381904.0,0.5033659425139677,cao → nguy cơ,362021.0
rr_600_slope,EtCO2/RR,0.5021396787799692,cao → nguy cơ,379832.0,0.50028135642897,thấp → nguy cơ,360065.0
hr_age,HR,0.5018431443785943,cao → nguy cơ,381904.0,0.5029815309552487,cao → nguy cơ,362021.0
bis_cur,Độ mê / thuốc mê,0.5018153259627771,cao → nguy cơ,353405.0,0.5138213072885092,cao → nguy cơ,335132.0
spo2_600_max,SpO2,0.5017857554015175,cao → nguy cơ,381904.0,0.501095330657535,cao → nguy cơ,362021.0
spo2_60_missing,SpO2,0.5015621255603563,cao → nguy cơ,381904.0,0.5012660287881509,cao → nguy cơ,362021.0
hr_60_missing,HR,0.5008701455551543,thấp → nguy cơ,381904.0,0.5001255021220546,cao → nguy cơ,362021.0
map_300_missing,MAP,0.5007220969701217,cao → nguy cơ,381904.0,0.500914796278921,cao → nguy cơ,362021.0
rr_60_slope,EtCO2/RR,0.5005396074504369,thấp → nguy cơ,379580.0,0.5002447693094725,thấp → nguy cơ,359844.0
spo2_300_max,SpO2,0.5004909236449547,thấp → nguy cơ,381873.0,0.5005032139732469,cao → nguy cơ,361990.0
etco2_300_slope,EtCO2/RR,0.5003810666035542,thấp → nguy cơ,380410.0,0.5111011990950357,cao → nguy cơ,360615.0
dbp_60_std,SBP/DBP,0.500041484773728,thấp → nguy cơ,381698.0,0.5028209934000596,thấp → nguy cơ,361848.0
hr_300_slope,HR,0.5000260483755146,cao → nguy cơ,381752.0,0.5059059073153065,cao → nguy cơ,361898.0
hr_300_missing,HR,0.5000158280514356,thấp → nguy cơ,381904.0,0.5013894658339464,cao → nguy cơ,362021.0
map_60_missing,MAP,,,,,,
