feature,nhóm,n,rho
map_60_mean,MAP,290297,-0.2704666872165434
map_60_max,MAP,290297,-0.26337518400945037
rftn_ce_d300,Độ mê / thuốc mê,249397,-0.25279563764076396
sbp_60_mean,SBP/DBP,290222,-0.24710162257764862
map_300_mean,MAP,290297,-0.24594856960023123
sbp_60_max,SBP/DBP,290222,-0.24465931799822394
map_300_max,MAP,290297,-0.24235413323851318
sbp_300_max,SBP/DBP,290297,-0.24165121458593888
map_60_min,MAP,290297,-0.23902781912719298
sbp_300_mean,SBP/DBP,290297,-0.2343340664946438
sbp_60_min,SBP/DBP,290222,-0.22752318974939226
dbp_300_max,SBP/DBP,290222,-0.21526943500388154
map_current,MAP,290297,-0.21194556344684173
dbp_60_mean,SBP/DBP,290111,-0.21019470743515484
dbp_60_max,SBP/DBP,290111,-0.20727384426729004
dbp_300_mean,SBP/DBP,290222,-0.2011069076640118
map_600_slope,MAP,290297,-0.20044826661560133
sbp_current,SBP/DBP,289166,-0.19951837933177666
sbp_600_slope,SBP/DBP,290297,-0.19214131006593232
dbp_60_slope,SBP/DBP,290092,0.19158396255411114
dbp_60_min,SBP/DBP,290111,-0.1897446889971696
sbp_600_max,SBP/DBP,290297,-0.18785224102310502
dbp_600_slope,SBP/DBP,290237,-0.18526728071056878
map_300_std,MAP,290297,-0.18444681220099124
dbp_300_std,SBP/DBP,290222,-0.1828610214585009
map_600_mean,MAP,290297,-0.181746860436285
map_60_slope,MAP,290297,0.17999816037622662
sbp_60_slope,SBP/DBP,290207,0.17869431416334972
map_600_max,MAP,290297,-0.17640186056538976
sbp_600_mean,SBP/DBP,290297,-0.17621262350851777
dbp_600_max,SBP/DBP,290238,-0.16690787243322228
sbp_300_std,SBP/DBP,290297,-0.1657674049548134
dbp_current,SBP/DBP,288994,-0.16146389888337306
bt_pp_cur,Beat (ART waveform),281793,-0.15740476170254308
map_300_min,MAP,290297,-0.15597522835413033
sbp_300_min,SBP/DBP,290297,-0.15344546697633044
dbp_600_std,SBP/DBP,290238,-0.15188213143043075
dbp_600_mean,SBP/DBP,290238,-0.147910654167164
map_600_std,MAP,290297,-0.1438968278100681
sbp_600_std,SBP/DBP,290297,-0.13903197664236513
bt_dpdt_cur,Beat (ART waveform),281793,-0.13697815398684973
map_60_std,MAP,290297,-0.13530922222072367
etco2_600_slope,EtCO2/RR,289220,-0.1320779363371936
hr_300_std,HR,290152,-0.12150171976968305
dbp_300_min,SBP/DBP,290222,-0.12042944659756341
mac_d300,Độ mê / thuốc mê,288989,-0.11209682940976294
etco2_300_slope,EtCO2/RR,289151,-0.11008622328525919
bt_dpdt_d300,Beat (ART waveform),281070,-0.10850023837193615
sbp_60_missing,SBP/DBP,290297,-0.10825284088725777
hr_600_std,HR,290273,-0.10696724875634474
dbp_60_missing,SBP/DBP,290297,-0.10668910378381903
bt_pp_d300,Beat (ART waveform),281070,-0.106409617119291
dbp_60_std,SBP/DBP,290111,-0.10498146026720691
map_300_slope,MAP,290297,-0.10143820726655071
bt_co_lz_d300,Beat (ART waveform),281070,-0.09976477963587779
etco2_300_std,EtCO2/RR,289154,-0.09481036874391333
sbp_60_std,SBP/DBP,290222,-0.09478880617529382
hr_600_slope,HR,290270,-0.08486304880443367
sbp_300_slope,SBP/DBP,290297,-0.08460277892883558
ppf_ce_d300,Độ mê / thuốc mê,153854,-0.08354279328564325
sbp_600_min,SBP/DBP,290297,-0.08025487620926822
map_600_min,MAP,290297,-0.07920192603609097
etco2_60_max,EtCO2/RR,288998,-0.07766527044817918
etco2_600_std,EtCO2/RR,289221,-0.07606426675792709
etco2_current,EtCO2/RR,288872,-0.07358721113231581
etco2_60_mean,EtCO2/RR,288998,-0.07177017285388025
etco2_300_max,EtCO2/RR,289154,-0.07168207740060402
hr_300_max,HR,290152,-0.06908403003207784
dbp_300_slope,SBP/DBP,290221,-0.06793330496802259
hr_600_max,HR,290273,-0.06382162940923863
dbp_600_min,SBP/DBP,290238,-0.06348200372623643
hr_300_slope,HR,290146,-0.06287964813436844
etco2_60_min,EtCO2/RR,288998,-0.062103528008332354
rftn_ce_cur,Độ mê / thuốc mê,249580,-0.05989702339000078
bt_svr_lz_cur,Beat (ART waveform),281793,-0.058877899621089164
hr_60_max,HR,289365,-0.05663093273954001
bt_valid_frac_cur,Beat (ART waveform),282453,0.056338701165239875
bt_co_lz_cur,Beat (ART waveform),281793,-0.055274137651961285
sbp_300_missing,SBP/DBP,290297,-0.05396109371017686
hr_60_std,HR,289365,-0.05356920874997184
hr_60_mean,HR,289365,-0.05334668971464526
dbp_300_missing,SBP/DBP,290297,-0.0521060903906779
etco2_300_mean,EtCO2/RR,289154,-0.049372869943175336
rr_300_std,EtCO2/RR,288650,-0.04915041766282928
hr_current,HR,288165,-0.04820460240011681
etco2_600_max,EtCO2/RR,289221,-0.04771583171396925
hr_60_min,HR,289365,-0.045000177252289254
hr_300_mean,HR,290152,-0.044994095085387584
mac_cur,Độ mê / thuốc mê,289021,-0.04488872515556362
ppf_ce_cur,Độ mê / thuốc mê,153893,-0.04428609398778355
bt_sv_lz_d300,Beat (ART waveform),281070,-0.04371138298939018
sbp_600_missing,SBP/DBP,290297,-0.041397481558161045
etco2_60_std,EtCO2/RR,288998,-0.03951154792735599
dbp_600_missing,SBP/DBP,290297,-0.03935990767657948
cvp_d300,Thở máy / CVP,131939,-0.038976850173381
rr_300_slope,EtCO2/RR,288649,-0.03682963005027598
hr_600_mean,HR,290273,-0.03514569379341452
rr_600_std,EtCO2/RR,288706,-0.0350223234316514
rr_60_std,EtCO2/RR,288516,-0.03360506907698582
bt_valid_frac_d300,Beat (ART waveform),282199,0.033037203405254775
bt_svr_lz_d300,Beat (ART waveform),281070,-0.03192490385315674
cvp_cur,Thở máy / CVP,132201,-0.028756606590869083
rr_300_min,EtCO2/RR,288650,0.02737889778656645
bis_d300,Độ mê / thuốc mê,268502,0.026247854446579042
spo2_300_max,SpO2,290249,-0.025959379533631362
bt_ppv_d300,Beat (ART waveform),280967,0.02578887179161898
rr_60_slope,EtCO2/RR,288513,-0.025779438185909418
rr_600_slope,EtCO2/RR,288705,-0.02566669797437426
etco2_600_mean,EtCO2/RR,289221,-0.024765135715348482
rr_600_min,EtCO2/RR,288706,0.024244050215261007
bt_sv_lz_cur,Beat (ART waveform),281793,-0.022190299238576114
spo2_600_max,SpO2,290297,-0.021802360753508793
spo2_60_max,SpO2,289958,-0.01993366181677106
spo2_600_slope,SpO2,290297,-0.01955041193615975
etco2_60_slope,EtCO2/RR,288995,-0.019325055463147636
hr_600_missing,HR,290297,-0.019183125896791196
spo2_60_mean,SpO2,289958,-0.019148183816392356
sbp_age,SBP/DBP,290297,-0.018196254763508765
dbp_age,SBP/DBP,290297,-0.01817766871892074
spo2_60_min,SpO2,289958,-0.017967510485037648
spo2_300_slope,SpO2,290249,-0.01796085231095539
rr_600_mean,EtCO2/RR,288706,0.017138637852200427
hr_300_missing,HR,290297,-0.016744926175677386
spo2_current,SpO2,289672,-0.015065052170829709
rr_600_missing,EtCO2/RR,290297,-0.015060082397912785
hr_60_slope,HR,289313,0.014729638604312348
static_age,Static,290297,-0.014658258107548758
rr_300_missing,EtCO2/RR,290297,-0.014573996457653197
rr_300_mean,EtCO2/RR,288650,0.014058759507086505
preop_hb,Static,274247,0.013421659207945365
spo2_300_std,SpO2,290249,-0.01309951354722723
spo2_600_std,SpO2,290297,-0.012873129700809154
etco2_300_min,EtCO2/RR,289154,-0.012250162198576657
rr_60_missing,EtCO2/RR,290297,-0.011332167105716015
rr_60_min,EtCO2/RR,288516,0.01126082525525987
hr_300_min,HR,290152,-0.010499969124334872
etco2_600_min,EtCO2/RR,289221,0.009597036944625504
etco2_300_missing,EtCO2/RR,290297,-0.008771962064110845
spo2_300_missing,SpO2,290297,-0.00874191344104759
etco2_600_missing,EtCO2/RR,290297,-0.00859355426104698
spo2_600_min,SpO2,290297,0.008188256099309225
etco2_60_missing,EtCO2/RR,290297,-0.007615182995360235
rr_60_mean,EtCO2/RR,288516,0.007403622599338855
hr_60_missing,HR,290297,-0.007281086909508295
spo2_600_missing,SpO2,290297,-0.006878713827773086
map_600_missing,MAP,290297,-0.0064710848662616815
spo2_60_std,SpO2,289958,0.006264099793800052
static_bmi,Static,290297,0.005908707098088612
rr_age,EtCO2/RR,290297,-0.005515354370537892
peep_d300,Thở máy / CVP,287979,0.005368013785039823
etco2_age,EtCO2/RR,290297,-0.0050857228652611474
bis_cur,Độ mê / thuốc mê,268658,0.005012084440434577
hr_age,HR,290297,-0.004426506301653123
spo2_300_mean,SpO2,290249,-0.004396491371671141
spo2_age,SpO2,290297,-0.004131529596464494
rr_current,EtCO2/RR,288371,0.004046016643807156
map_age,MAP,290297,-0.003951419517689014
rr_600_max,EtCO2/RR,288706,0.0032924098642931154
spo2_60_slope,SpO2,289952,0.0032813134529110057
spo2_300_min,SpO2,290249,0.0025223760192899223
rr_60_max,EtCO2/RR,288516,0.002369058666117031
hr_600_min,HR,290273,0.002323071037449572
spo2_60_missing,SpO2,290297,-0.002233543768589941
map_300_missing,MAP,290297,-0.002141112758000207
spo2_600_mean,SpO2,290297,0.000597123465243712
peep_cur,Thở máy / CVP,288050,-0.00014569339985200715
rr_300_max,EtCO2/RR,288650,0.00013023830519724562
bt_ppv_cur,Beat (ART waveform),281745,-7.00660449098251e-05
