feature,nhóm,% thiếu,p1,p25,median,p75,p99
map_60_missing,MAP,0.0,0.0,0.0,0.0,0.0,0.0
map_60_mean,MAP,0.0,67.06666564941406,76.86666870117188,84.19999694824219,93.19999694824219,132.1999969482422
map_60_std,MAP,0.0,0.4000000059604645,0.8621678352355957,1.3085191249847412,2.0773916244506836,48.84820522308343
map_60_min,MAP,0.0,65.0,74.0,81.0,89.0,114.0
map_60_max,MAP,0.0,68.0,79.0,87.0,97.0,238.0
map_60_slope,MAP,0.0,-0.39333815932273863,-0.03915461525321007,-0.004226918797940016,0.03248053416609764,0.462328155934806
map_300_missing,MAP,0.0,0.0,0.0,0.0,0.0,0.0
map_300_mean,MAP,0.0,66.85333251953125,77.2933349609375,84.61333465576172,93.45333099365234,121.17333221435547
map_300_std,MAP,0.0,0.709804356098175,1.8701039552688599,2.963800072669983,5.029399275779724,55.57840713500967
map_300_min,MAP,0.0,34.0,70.0,77.0,85.0,107.0
map_300_max,MAP,0.0,70.0,83.0,92.0,104.0,277.0
map_300_slope,MAP,0.0,-0.19076817303895952,-0.017173874657601118,0.0002809013822115958,0.020030222833156586,0.19020880341529672
map_600_missing,MAP,0.0,0.0,0.0,0.0,0.0,0.013333333656191826
map_600_mean,MAP,0.0,65.98999786376953,77.59749794006348,84.74666595458984,93.0999984741211,116.76333618164062
map_600_std,MAP,0.0,1.0025449514389038,2.8419461846351624,4.624352931976318,8.262465238571167,49.82335025787349
map_600_min,MAP,0.0,22.0,66.0,73.0,81.0,102.0
map_600_max,MAP,0.0,72.0,87.0,97.0,111.0,289.0
map_600_slope,MAP,0.0,-0.08433238066732883,-0.011514878133311868,0.0009602884238120168,0.014860581839457154,0.09124486044049257
map_current,MAP,0.0,66.0,77.0,84.0,93.0,131.0
map_age,MAP,0.0,0.0,0.49000000953674316,0.9700000286102295,1.4600000381469727,1.9600000381469727
sbp_60_missing,SBP/DBP,0.0,0.0,0.0,0.0,0.0,0.06666667014360428
sbp_60_mean,SBP/DBP,0.0,90.33333587646484,108.53333282470703,118.76667022705078,130.76666259765625,168.8333282470703
sbp_60_std,SBP/DBP,0.0,0.6182412505149841,1.422048568725586,2.057236433029175,3.0976693630218506,12.845640726089444
sbp_60_min,SBP/DBP,0.0,84.0,104.0,114.0,126.0,161.0
sbp_60_max,SBP/DBP,0.0,94.0,113.0,123.0,136.0,184.0
sbp_60_slope,SBP/DBP,0.0,-0.3484360432624817,-0.05272525176405907,-0.0055617354810237885,0.043826472014188766,0.37474972009658813
sbp_300_missing,SBP/DBP,0.0,0.0,0.0,0.0,0.0,0.13333334028720856
sbp_300_mean,SBP/DBP,0.0,91.03333282470703,108.62666320800781,118.73999786376953,130.2866668701172,164.53334045410156
sbp_300_std,SBP/DBP,0.0,1.1120551824569702,2.7058927416801453,4.107142925262451,6.545639991760254,26.634337959289528
sbp_300_min,SBP/DBP,0.0,37.0,98.0,108.0,119.0,150.0
sbp_300_max,SBP/DBP,0.0,98.0,118.0,130.0,144.0,242.0
sbp_300_slope,SBP/DBP,0.0,-0.14245165884494781,-0.02216431824490428,0.0004177963419351727,0.02616294100880623,0.17770000621676393
sbp_600_missing,SBP/DBP,0.0,0.0,0.0,0.0,0.0,0.09666666388511658
sbp_600_mean,SBP/DBP,0.0,91.10963386535644,108.56666564941406,118.50333404541016,129.55137634277344,161.1666717529297
sbp_600_std,SBP/DBP,0.0,1.5126475834846496,3.875580310821533,6.009018898010254,9.812333345413208,29.506553859710692
sbp_600_min,SBP/DBP,0.0,28.0,92.0,103.0,114.0,143.0
sbp_600_max,SBP/DBP,0.0,101.0,122.0,134.0,150.0,262.0
sbp_600_slope,SBP/DBP,0.0,-0.08429866082966328,-0.014252908295020461,0.0013849042588844895,0.019199241418391466,0.10511065565049647
sbp_current,SBP/DBP,0.4,89.0,108.0,119.0,131.0,170.0
sbp_age,SBP/DBP,0.0,0.0,0.5,0.9900000095367432,1.4900000095367432,7.099999904632568
dbp_60_missing,SBP/DBP,0.0,0.0,0.0,0.0,0.0,0.10000000149011612
dbp_60_mean,SBP/DBP,0.1,47.66666793823242,57.96666717529297,64.03333282470703,71.16666412353516,94.0999984741211
dbp_60_std,SBP/DBP,0.1,0.40688517689704895,0.843932569026947,1.2364825010299683,1.942507028579712,9.812407064437787
dbp_60_min,SBP/DBP,0.1,41.0,55.0,61.0,68.0,88.0
dbp_60_max,SBP/DBP,0.1,49.0,60.0,67.0,75.0,105.0
dbp_60_slope,SBP/DBP,0.1,-0.21947831138968468,-0.030812013894319534,-0.003448275849223137,0.025139043107628822,0.24327030777931213
dbp_300_missing,SBP/DBP,0.0,0.0,0.0,0.0,0.0,0.14000000059604645
dbp_300_mean,SBP/DBP,0.0,47.733333587646484,58.1574821472168,64.1066665649414,71.01333618164062,91.80000305175781
dbp_300_std,SBP/DBP,0.0,0.6514598727226257,1.5848729610443115,2.4330685138702393,3.8414406776428223,20.5942778778074
dbp_300_min,SBP/DBP,0.0,19.0,51.0,57.0,64.0,82.0
dbp_300_max,SBP/DBP,0.0,51.0,63.0,71.0,79.0,203.0
dbp_300_slope,SBP/DBP,0.0,-0.08288567960262298,-0.012190763838589191,0.00015111782704479992,0.013799724169075489,0.09514251366257637
dbp_600_missing,SBP/DBP,0.0,0.0,0.0,0.0,0.0,0.10333333164453506
dbp_600_mean,SBP/DBP,0.0,47.21666717529297,58.1966667175293,64.09333038330078,70.76712036132812,90.18973571777339
dbp_600_std,SBP/DBP,0.0,0.8640987873077393,2.2545042037963867,3.4477996826171875,5.328976154327393,21.67303916931151
dbp_600_min,SBP/DBP,0.0,10.0,48.0,54.0,61.0,79.0
dbp_600_max,SBP/DBP,0.0,53.0,66.0,74.0,83.0,230.0
dbp_600_slope,SBP/DBP,0.0,-0.047510320618748665,-0.007746558403596282,0.0007300081197172403,0.010039916960522532,0.05501815807074301
dbp_current,SBP/DBP,0.5,47.0,58.0,64.0,71.0,94.0
dbp_age,SBP/DBP,0.0,0.0,0.5,0.9900000095367432,1.4900000095367432,7.099999904632568
hr_60_missing,HR,0.0,0.0,0.0,0.0,0.0,0.23333333432674408
hr_60_mean,HR,0.3,47.93333435058594,62.733333587646484,71.63333129882812,82.13333129882812,114.03333282470703
hr_60_std,HR,0.3,0.0,0.5,0.8465616703033447,1.8366636037826538,15.988502502441406
hr_60_min,HR,0.3,45.0,60.0,69.0,79.0,109.0
hr_60_max,HR,0.3,49.0,65.0,75.0,87.0,135.0
hr_60_slope,HR,0.3,-0.3091212511062622,-0.023248054087162018,0.0,0.02180200256407261,0.3371846461296058
hr_300_missing,HR,0.0,0.0,0.0,0.0,0.0,0.273333340883255
hr_300_mean,HR,0.1,48.17333221435547,62.893333435058594,71.66000366210938,82.0,112.47726943969705
hr_300_std,HR,0.1,0.3651483654975891,1.0434983968734741,1.8929576873779297,3.668635845184326,19.29402811050406
hr_300_min,HR,0.1,42.0,58.0,66.0,76.0,105.0
hr_300_max,HR,0.1,51.0,69.0,80.0,93.0,159.0
hr_300_slope,HR,0.1,-0.07193427443504333,-0.007646562065929174,-0.00018667496624402702,0.007833236828446388,0.07841297924518585
hr_600_missing,HR,0.0,0.0,0.0,0.0,0.0,0.25
hr_600_mean,HR,0.0,48.36333465576172,62.94314193725586,71.61666870117188,81.82666778564453,111.7888673400878
hr_600_std,HR,0.0,0.48592409491539,1.4752589464187622,2.5692973136901855,4.594583749771118,20.06078819274902
hr_600_min,HR,0.0,38.0,56.0,64.0,74.0,102.0
hr_600_max,HR,0.0,52.0,71.0,83.0,99.0,170.0
hr_600_slope,HR,0.0,-0.0373268012329936,-0.004960388410836458,-0.00010555672633927315,0.005200835410505533,0.04181187853217126
hr_current,HR,0.7,48.0,63.0,71.0,82.0,116.0
hr_age,HR,0.0,0.0,0.5,0.9900000095367432,1.4900000095367432,2.8554999256127047
spo2_60_missing,SpO2,0.0,0.0,0.0,0.0,0.0,0.0
spo2_60_mean,SpO2,0.1,95.0999984741211,99.76667022705078,100.0,100.0,100.0
spo2_60_std,SpO2,0.1,0.0,0.0,0.0,0.0,1.550985336303711
spo2_60_min,SpO2,0.1,93.0,99.0,100.0,100.0,100.0
spo2_60_max,SpO2,0.1,96.0,100.0,100.0,100.0,100.0
spo2_60_slope,SpO2,0.1,-0.02714126743376255,0.0,0.0,0.0,0.02658509463071823
spo2_300_missing,SpO2,0.0,0.0,0.0,0.0,0.0,0.006666666828095913
spo2_300_mean,SpO2,0.0,95.30000305175781,99.65333557128906,100.0,100.0,100.0
spo2_300_std,SpO2,0.0,0.0,0.0,0.0,0.30000001192092896,2.4713240003585786
spo2_300_min,SpO2,0.0,88.0,99.0,100.0,100.0,100.0
spo2_300_max,SpO2,0.0,97.0,100.0,100.0,100.0,100.0
spo2_300_slope,SpO2,0.0,-0.00813653064891696,0.0,0.0,0.0,0.008899399740621452
spo2_600_missing,SpO2,0.0,0.0,0.0,0.0,0.0,0.036666665226221085
spo2_600_mean,SpO2,0.0,95.44663688659668,99.57666778564453,100.0,100.0,100.0
spo2_600_std,SpO2,0.0,0.0,0.0,0.0,0.39293766021728516,3.0044745349884017
spo2_600_min,SpO2,0.0,85.0,98.0,100.0,100.0,100.0
spo2_600_max,SpO2,0.0,98.0,100.0,100.0,100.0,100.0
spo2_600_slope,SpO2,0.0,-0.004820594638586044,0.0,0.0,0.0,0.005543097355402988
spo2_current,SpO2,0.2,95.0,100.0,100.0,100.0,100.0
spo2_age,SpO2,0.0,0.0,0.5,0.9800000190734863,1.4700000286102295,1.9800000190734863
etco2_60_missing,EtCO2/RR,0.0,0.0,0.0,0.0,0.0,0.0
etco2_60_mean,EtCO2/RR,0.5,27.74750003814697,33.0,34.733333587646484,36.733333587646484,44.86666488647461
etco2_60_std,EtCO2/RR,0.5,0.0,0.30000001192092896,0.4582575559616089,0.5163977742195129,5.002749252319349
etco2_60_min,EtCO2/RR,0.5,21.0,32.0,34.0,36.0,44.0
etco2_60_max,EtCO2/RR,0.5,29.0,34.0,35.0,37.0,46.0
etco2_60_slope,EtCO2/RR,0.5,-0.06496106833219528,-0.007230255752801895,0.0,0.006896551698446274,0.06888320147991284
etco2_300_missing,EtCO2/RR,0.0,0.0,0.0,0.0,0.0,0.006666666828095913
etco2_300_mean,EtCO2/RR,0.4,28.14666748046875,32.959999084472656,34.65999984741211,36.619998931884766,44.5533332824707
etco2_300_std,EtCO2/RR,0.4,0.0,0.4582575559616089,0.5656854510307312,0.8354373574256897,6.77214755058283
etco2_300_min,EtCO2/RR,0.4,7.0,31.0,33.0,35.0,43.0
etco2_300_max,EtCO2/RR,0.4,30.0,34.0,36.0,38.0,48.0
etco2_300_slope,EtCO2/RR,0.4,-0.0200726605206728,-0.0021912085358053446,0.0,0.002377883531153202,0.021662524677813058
etco2_600_missing,EtCO2/RR,0.0,0.0,0.0,0.0,0.0,0.04333333298563957
etco2_600_mean,EtCO2/RR,0.4,28.483333587646484,32.9566650390625,34.619998931884766,36.5433349609375,44.38666534423828
etco2_600_std,EtCO2/RR,0.4,0.15095989406108856,0.5109468102455139,0.7063206434249878,1.1306782960891724,6.9274950599670415
etco2_600_min,EtCO2/RR,0.4,0.0,31.0,33.0,35.0,42.0
etco2_600_max,EtCO2/RR,0.4,30.0,35.0,36.0,39.0,50.0
etco2_600_slope,EtCO2/RR,0.4,-0.01176435474306345,-0.0014856276102364063,7.800086314091459e-05,0.0017416860209777951,0.012862165328115117
etco2_current,EtCO2/RR,0.6,27.0,33.0,35.0,37.0,45.0
etco2_age,EtCO2/RR,0.0,0.0,0.5,0.9800000190734863,1.4800000190734863,1.9900000095367432
rr_60_missing,EtCO2/RR,0.0,0.0,0.0,0.0,0.0,0.0
rr_60_mean,EtCO2/RR,0.7,9.566666603088379,12.433333396911621,14.0,16.0,20.0
rr_60_std,EtCO2/RR,0.7,0.0,0.0,0.0,0.0,2.414999485015869
rr_60_min,EtCO2/RR,0.7,8.0,12.0,14.0,16.0,20.0
rr_60_max,EtCO2/RR,0.7,10.0,13.0,14.0,16.0,21.0
rr_60_slope,EtCO2/RR,0.7,-0.04660734161734581,0.0,0.0,0.0,0.04682981222867966
rr_300_missing,EtCO2/RR,0.0,0.0,0.0,0.0,0.0,0.0533333346247673
rr_300_mean,EtCO2/RR,0.6,9.979999542236328,12.606666564941406,14.0,16.0,20.0
rr_300_std,EtCO2/RR,0.6,0.0,0.0,0.0,0.0,3.604588031768799
rr_300_min,EtCO2/RR,0.6,5.0,12.0,14.0,16.0,20.0
rr_300_max,EtCO2/RR,0.6,10.0,13.0,15.0,16.0,22.0
rr_300_slope,EtCO2/RR,0.6,-0.014973999001085758,0.0,0.0,0.0,0.014951375545933832
rr_600_missing,EtCO2/RR,0.0,0.0,0.0,0.0,0.0,0.07333333045244217
rr_600_mean,EtCO2/RR,0.5,9.973333358764648,12.626667022705078,14.0,16.0,20.0
rr_600_std,EtCO2/RR,0.5,0.0,0.0,0.0,0.38693955540657043,3.6667620515823196
rr_600_min,EtCO2/RR,0.5,4.0,12.0,14.0,16.0,20.0
rr_600_max,EtCO2/RR,0.5,10.0,13.0,15.0,16.0,24.0
rr_600_slope,EtCO2/RR,0.5,-0.008452689088881016,0.0,0.0,0.0,0.00849830772727727
rr_current,EtCO2/RR,0.7,9.0,12.0,14.0,16.0,20.0
rr_age,EtCO2/RR,0.0,0.0,0.5,0.9900000095367432,1.4800000190734863,1.9900000095367432
static_age,Static,0.0,21.0,51.0,61.0,69.0,84.0
static_bmi,Static,0.0,16.0,20.600000381469727,22.700000762939453,25.0,32.900001525878906
static_asa,Static,2.0,1.0,2.0,2.0,2.0,3.0
bt_sv_lz_cur,Beat (ART waveform),2.9,0.1664006632566452,0.2600172758102417,0.29667967557907104,0.3370416909456253,0.45814781665802
bt_sv_lz_d300,Beat (ART waveform),3.2,-0.24652415871620179,-0.027811702340841293,-0.00037055675056762993,0.029864296317100525,0.27690945863723593
bt_svr_lz_cur,Beat (ART waveform),2.9,1.7955772304534912,3.2037618160247803,3.958772659301758,4.937785863876343,8.355123329162598
bt_svr_lz_d300,Beat (ART waveform),3.2,-0.4531951105594635,-0.05724668875336647,0.0017230930970981717,0.06220269203186035,0.46668233990669233
bt_co_lz_cur,Beat (ART waveform),2.9,11.605592231750489,17.86600685119629,21.25906753540039,25.307087898254395,45.44516174316411
bt_co_lz_d300,Beat (ART waveform),3.2,-0.36819355845451357,-0.03735904023051262,-0.0005508791073225439,0.04144935682415962,0.4277565765380802
bt_dpdt_cur,Beat (ART waveform),2.9,312.0504229736328,623.2575378417969,775.4171142578125,954.5906677246094,1624.6300439453128
bt_dpdt_d300,Beat (ART waveform),3.2,-0.468998339176178,-0.07190769165754318,0.0009439318673685193,0.0831279307603836,0.6325025725364679
bt_pp_cur,Beat (ART waveform),2.9,28.750965728759766,46.591196060180664,54.235694885253906,62.98745346069336,93.33478820800784
bt_pp_d300,Beat (ART waveform),3.2,-0.3849868392944336,-0.057366497814655304,0.0015801377594470978,0.06777964532375336,0.5052139091491696
bt_ppv_cur,Beat (ART waveform),2.9,3.333286440372467,7.695245265960693,11.426070213317871,18.240936279296875,115.4407833099363
bt_ppv_d300,Beat (ART waveform),3.2,-83.64119384765625,-3.1798003911972046,-0.010221481323242188,2.8085310459136963,81.5503674316403
bt_valid_frac_cur,Beat (ART waveform),2.7,0.600618348121643,1.0,1.0,1.0,1.0
bt_valid_frac_d300,Beat (ART waveform),2.8,-0.19999998807907104,0.0,0.0,0.0,0.22499999403953552
bis_cur,Độ mê / thuốc mê,7.5,0.0,35.70000076293945,40.599998474121094,45.599998474121094,67.05000305175781
bis_d300,Độ mê / thuốc mê,7.6,-19.350000381469727,-2.25,0.20000000298023224,2.8499999046325684,22.649999618530273
ppf_ce_cur,Độ mê / thuốc mê,47.2,1.0544999837875366,2.500999927520752,3.000999927520752,3.500999927520752,5.001500129699707
ppf_ce_d300,Độ mê / thuốc mê,47.2,-1.0924999713897705,-0.0010001659393310547,0.0,0.0,0.9510250300168933
rftn_ce_cur,Độ mê / thuốc mê,14.7,0.02199999988079071,1.9900000095367432,3.002000093460083,4.008999824523926,7.517000198364258
rftn_ce_d300,Độ mê / thuốc mê,14.8,-1.9635002613067627,-0.010000109672546387,0.0,0.0020003318786621094,2.00849986076355
mac_cur,Độ mê / thuốc mê,0.4,0.0,0.0,0.0,1.0,1.399999976158142
mac_d300,Độ mê / thuốc mê,0.5,-0.30000001192092896,0.0,0.0,0.0,0.20000000298023224
cvp_cur,Thở máy / CVP,55.3,1.0,5.0,7.0,10.0,252.0
cvp_d300,Thở máy / CVP,55.4,-6.0,-0.5,0.0,0.5,7.0
peep_cur,Thở máy / CVP,0.8,0.0,0.0,5.0,5.0,7.5
peep_d300,Thở máy / CVP,0.9,-1.0,0.0,0.0,0.0,1.0
sex,Static,0.0,0.0,0.0,0.0,1.0,1.0
emop,Static,0.0,0.0,0.0,0.0,0.0,1.0
preop_htn,Static,0.0,0.0,0.0,0.0,1.0,1.0
preop_hb,Static,5.6,7.900000095367432,11.5,12.899999618530273,14.199999809265137,16.799999237060547
