method,horizon,policy,resolved_policy,threshold,cal_recall,cal_fa_per_hour,recall,ppv,fa_per_hour,events_detected,events_eligible,auroc,average_precision,ece,gates_met,gates_total,failed_gates,recall_ci_low,recall_ci_high,ppv_ci_low,ppv_ci_high,fa_ci_low,fa_ci_high,family,description
map_logistic,300,recall_first,recall_first,0.05166082045671691,0.6461538461538462,1.8720870015535993,0.8260869565217391,0.2159090909090909,1.2038383250945042,19,23,0.8809337520403094,0.19487430966511304,0.0040866479509916315,1,6,"auroc,event_sensitivity,alarm_ppv,prediction_coverage,false_alarms_per_hour",0.6414915966386555,0.9525297619047619,0.13323529411764706,0.3111111111111111,0.8091561882333151,1.6936337851587246,baseline,Hồi quy logistic trên 3 đặc trưng MAP
map_logistic,300,fa_budget,max_recall_within_fa_budget,0.09634761541877485,0.13846153846153847,0.31071983428275507,0.21739130434782608,0.29411764705882354,0.20936318697295725,5,23,0.8809337520403094,0.19487430966511304,0.0040866479509916315,2,6,"auroc,event_sensitivity,alarm_ppv,prediction_coverage",0.05541666666666667,0.4381009615384617,0.09090909090909091,0.5007352941176473,0.08914139497063457,0.3604821451135315,baseline,Hồi quy logistic trên 3 đặc trưng MAP
lgbm_plain,300,recall_first,recall_first,0.037103589283429404,0.676923076923077,2.4236147074054895,0.782608695652174,0.13636363636363635,1.9889502762430937,18,23,0.8719741324249521,0.216448993447861,0.004254033093817776,1,6,"auroc,event_sensitivity,alarm_ppv,prediction_coverage,false_alarms_per_hour",0.5293343653250774,0.9584134615384616,0.059248366013071894,0.2482122572618597,1.321746967716123,2.7335987241990156,lightgbm,"LightGBM, không cân bằng lớp, không augment"
lgbm_plain,300,fa_budget,max_recall_within_fa_budget,0.16926179588915627,0.35384615384615387,0.4117037804246505,0.43478260869565216,0.38461538461538464,0.279150915963943,10,23,0.8719741324249521,0.216448993447861,0.004254033093817776,2,6,"auroc,event_sensitivity,alarm_ppv,prediction_coverage",0.19980769230769233,0.6334090909090909,0.21407563025210083,0.6510576923076926,0.07631043653040578,0.5407856607220811,lightgbm,"LightGBM, không cân bằng lớp, không augment"
lgbm_class_weight,300,recall_first,recall_first,0.03137305323783615,0.6461538461538462,2.8586224754013467,0.7391304347826086,0.10967741935483871,2.4076766501890083,17,23,0.861244766162799,0.21656571754923715,0.00581326510670442,1,6,"auroc,event_sensitivity,alarm_ppv,prediction_coverage,false_alarms_per_hour",0.5714285714285714,0.8889880952380952,0.054118429023356,0.18853369763205827,1.6489922071252745,3.2553934812852408,lightgbm,LightGBM + class_weight='balanced'
lgbm_class_weight,300,fa_budget,max_recall_within_fa_budget,0.14666904931776079,0.2923076923076923,0.4660797514241326,0.30434782608695654,0.3181818181818182,0.2617039837161966,7,23,0.861244766162799,0.21656571754923715,0.00581326510670442,2,6,"auroc,event_sensitivity,alarm_ppv,prediction_coverage",0.10513157894736842,0.5187134502923977,0.14285714285714285,0.5333928571428571,0.08828107423252296,0.48367533059735535,lightgbm,LightGBM + class_weight='balanced'
lgbm_scale_pos_20x,300,recall_first,recall_first,0.029322945654603815,0.6461538461538462,3.3169342309684104,0.6956521739130435,0.09815950920245399,2.564699040418726,16,23,0.8554006103186431,0.19731379385156786,0.005217897532771501,1,6,"auroc,event_sensitivity,alarm_ppv,prediction_coverage,false_alarms_per_hour",0.4993421052631579,0.882516339869281,0.04542929292929293,0.16351059654631087,1.713117716483347,3.5119388712256905,lightgbm,LightGBM + scale_pos_weight = 20x tỷ lệ lớp
lgbm_scale_pos_20x,300,fa_budget,max_recall_within_fa_budget,0.13564102564102565,0.24615384615384617,0.4816157431382704,0.34782608695652173,0.3076923076923077,0.31404478045943585,8,23,0.8554006103186431,0.19731379385156786,0.005217897532771501,2,6,"auroc,event_sensitivity,alarm_ppv,prediction_coverage",0.14285714285714285,0.5555555555555556,0.1871228448275862,0.5266995614035088,0.10795914788653675,0.6351193336536923,lightgbm,LightGBM + scale_pos_weight = 20x tỷ lệ lớp
lgbm_oversample_3x,300,recall_first,recall_first,0.03265088700079,0.6615384615384615,2.6255825996892805,0.782608695652174,0.12857142857142856,2.1285257342250654,18,23,0.8592363920232773,0.2000109874699347,0.004848293083270909,1,6,"auroc,event_sensitivity,alarm_ppv,prediction_coverage,false_alarms_per_hour",0.5881845841784991,0.9131340579710144,0.06239853896103896,0.20732363719651858,1.428508687757422,2.9229708299844477,lightgbm,LightGBM + nhân bản window dương 3x
lgbm_oversample_3x,300,fa_budget,max_recall_within_fa_budget,0.16076923076923078,0.35384615384615387,0.41947177628171933,0.43478260869565216,0.37037037037037035,0.29659784821168944,10,23,0.8592363920232773,0.2000109874699347,0.004848293083270909,2,6,"auroc,event_sensitivity,alarm_ppv,prediction_coverage",0.19191176470588237,0.6666666666666666,0.21202651515151516,0.588529411764706,0.08200412291097946,0.551511359455882,lightgbm,LightGBM + nhân bản window dương 3x
lgbm_smote_3x,300,recall_first,recall_first,0.05241574271396809,0.6615384615384615,1.6856551009839462,0.6956521739130435,0.16,1.4655423088107007,16,23,0.8665841671989214,0.20944647190712914,0.004187610223863096,1,6,"auroc,event_sensitivity,alarm_ppv,prediction_coverage,false_alarms_per_hour",0.47028186274509803,0.8697010869565217,0.07430541210493699,0.2570376629647514,0.9689316800969994,2.0101887511284486,lightgbm,"LightGBM + SMOTE nội suy 5 láng giềng, 3x"
lgbm_smote_3x,300,fa_budget,max_recall_within_fa_budget,0.16076923076923078,0.3384615384615385,0.4350077679958571,0.391304347826087,0.34615384615384615,0.29659784821168944,9,23,0.8665841671989214,0.20944647190712914,0.004187610223863096,2,6,"auroc,event_sensitivity,alarm_ppv,prediction_coverage",0.15,0.6202380952380955,0.19968750000000002,0.538888888888889,0.07631043653040578,0.5990828841042722,lightgbm,"LightGBM + SMOTE nội suy 5 láng giềng, 3x"
lgbm_jitter_3x,300,recall_first,recall_first,0.047340911792775685,0.6461538461538462,1.965302951838426,0.7391304347826086,0.16666666666666666,1.482989241058447,17,23,0.8693004399971613,0.2146918068331977,0.004365566265740575,1,6,"auroc,event_sensitivity,alarm_ppv,prediction_coverage,false_alarms_per_hour",0.5,0.8930357142857144,0.0733825496941896,0.2627770239710539,1.000241538042994,2.059788839620675,lightgbm,"LightGBM + nhiễu Gaussian trên window dương, 3x"
lgbm_jitter_3x,300,fa_budget,max_recall_within_fa_budget,0.16076923076923078,0.3230769230769231,0.45831175556706377,0.43478260869565216,0.3448275862068966,0.3314917127071823,10,23,0.8693004399971613,0.2146918068331977,0.004365566265740575,2,6,"auroc,event_sensitivity,alarm_ppv,prediction_coverage",0.1713095238095238,0.7041666666666668,0.19968750000000002,0.5417613636363636,0.09591213023801491,0.5992631137136905,lightgbm,"LightGBM + nhiễu Gaussian trên window dương, 3x"
catboost_plain,300,recall_first,recall_first,0.0484470748178708,0.6,1.763335059554635,0.782608695652174,0.21686746987951808,1.1340505961035183,18,23,0.8924623873394365,0.2621795890525138,0.006942521032681832,1,6,"auroc,event_sensitivity,alarm_ppv,prediction_coverage,false_alarms_per_hour",0.5554597701149425,0.923529411764706,0.11830862758161226,0.31519178082191784,0.6428405314142309,1.6894665643153333,catboost,"CatBoost, không cân bằng lớp"
catboost_plain,300,fa_budget,max_recall_within_fa_budget,0.16471851457579503,0.3230769230769231,0.4505437597099949,0.4782608695652174,0.5,0.19191625472521082,11,23,0.8924623873394365,0.2621795890525138,0.006942521032681832,2,6,"auroc,event_sensitivity,alarm_ppv,prediction_coverage",0.23071428571428573,0.7779761904761905,0.35654761904761906,0.7006818181818183,0.05392824996785393,0.35300584291099885,catboost,"CatBoost, không cân bằng lớp"
catboost_balanced,300,recall_first,recall_first,0.03560671468122123,0.5846153846153846,2.586742620403936,0.8260869565217391,0.1347517730496454,2.1285257342250654,19,23,0.8546740827478532,0.21329004159811715,0.005976223059460673,1,6,"auroc,event_sensitivity,alarm_ppv,prediction_coverage,false_alarms_per_hour",0.6246527777777778,1.0,0.05919011717249328,0.2302300046232085,1.4175422515383707,3.020269221608001,catboost,CatBoost + auto_class_weights='Balanced'
catboost_balanced,300,fa_budget,max_recall_within_fa_budget,0.15044357514325699,0.23076923076923078,0.4738477472812015,0.43478260869565216,0.3448275862068966,0.3314917127071823,10,23,0.8546740827478532,0.21329004159811715,0.005976223059460673,2,6,"auroc,event_sensitivity,alarm_ppv,prediction_coverage",0.1713095238095238,0.7041666666666668,0.1949314024390244,0.5627232142857144,0.10714400236483959,0.6261938370975495,catboost,CatBoost + auto_class_weights='Balanced'
catboost_balanced_jitter,300,recall_first,recall_first,0.03512820512820513,0.6,2.540134645261523,0.782608695652174,0.12857142857142856,2.1285257342250654,18,23,0.8735682350436448,0.20502299210247166,0.004782982535513778,1,6,"auroc,event_sensitivity,alarm_ppv,prediction_coverage,false_alarms_per_hour",0.5881845841784991,0.9131340579710144,0.061562593740625934,0.21175458715596335,1.3814819022292522,2.932738754281892,catboost,CatBoost balanced + nhiễu Gaussian 3x
catboost_balanced_jitter,300,fa_budget,max_recall_within_fa_budget,0.13564102564102565,0.27692307692307694,0.4816157431382704,0.34782608695652173,0.27586206896551724,0.3663855772026752,8,23,0.8735682350436448,0.20502299210247166,0.004782982535513778,2,6,"auroc,event_sensitivity,alarm_ppv,prediction_coverage",0.10336206896551724,0.6113095238095239,0.1173844537815126,0.4783733133433284,0.12213615554416694,0.7327458518246324,catboost,CatBoost balanced + nhiễu Gaussian 3x
tabm_20260917,300,recall_first,recall_first,0.03439593471586705,0.6307692307692307,2.633350595546349,0.6956521739130435,0.11188811188811189,2.2157603954637977,16,23,0.8654673195656802,0.2160568653548358,0.006650655555464923,1,6,"auroc,event_sensitivity,alarm_ppv,prediction_coverage,false_alarms_per_hour",0.4375,0.8751838235294118,0.047905515739816745,0.19061624649859946,1.375240989982766,3.1666628562846926,tabm,"TabM backbone E06 seed 20260917, calibrate lại"
tabm_20260917,300,fa_budget,max_recall_within_fa_budget,0.16981436789035792,0.23076923076923078,0.3728638011393061,0.2608695652173913,0.4,0.15702239022971792,6,23,0.8654673195656802,0.2160568653548358,0.006650655555464923,2,6,"auroc,event_sensitivity,alarm_ppv,prediction_coverage",0.057030075187969924,0.5217908902691512,0.14241071428571428,0.6666666666666666,0.0503269659970563,0.318128799951771,tabm,"TabM backbone E06 seed 20260917, calibrate lại"
tabm_20260918,300,recall_first,recall_first,0.03606902435421944,0.6153846153846154,2.5634386328327294,0.6956521739130435,0.11940298507462686,2.0587380052340793,16,23,0.8645474061457669,0.2010524763451356,0.006473598613116665,1,6,"auroc,event_sensitivity,alarm_ppv,prediction_coverage,false_alarms_per_hour",0.4375,0.8751838235294118,0.0546965737514518,0.19811738385377003,1.2708218380704341,2.820482010146072,tabm,"TabM backbone E06 seed 20260918, calibrate lại"
tabm_20260918,300,fa_budget,max_recall_within_fa_budget,0.15381265059113497,0.26153846153846155,0.4816157431382704,0.30434782608695654,0.3888888888888889,0.19191625472521082,7,23,0.8645474061457669,0.2010524763451356,0.006473598613116665,2,6,"auroc,event_sensitivity,alarm_ppv,prediction_coverage",0.06240808823529412,0.6128787878787884,0.2,0.6,0.049591273962221794,0.42486266767462544,tabm,"TabM backbone E06 seed 20260918, calibrate lại"
tabm_20260919,300,recall_first,recall_first,0.03680056944489479,0.6153846153846154,2.5479026411185917,0.7391304347826086,0.13178294573643412,1.954056411747601,17,23,0.878136753956426,0.2245863969272654,0.00677293228130699,1,6,"auroc,event_sensitivity,alarm_ppv,prediction_coverage,false_alarms_per_hour",0.5,0.9049689440993789,0.05797344744349353,0.22335754434630267,1.2010509220908314,2.714170403920004,tabm,"TabM backbone E06 seed 20260919, calibrate lại"
tabm_20260919,300,fa_budget,max_recall_within_fa_budget,0.15872276946902272,0.26153846153846155,0.442775763852926,0.2608695652173913,0.4,0.15702239022971792,6,23,0.878136753956426,0.2245863969272654,0.00677293228130699,2,6,"auroc,event_sensitivity,alarm_ppv,prediction_coverage",0.057030075187969924,0.5217908902691512,0.18143939393939396,0.6,0.0600119324556455,0.3010514431030011,tabm,"TabM backbone E06 seed 20260919, calibrate lại"
ensemble_diverse_6,300,recall_first,recall_first,0.0667401033238077,0.6461538461538462,1.5613671672708442,0.6521739130434783,0.21428571428571427,0.959581273626054,15,23,0.8833785749769356,0.2338510495688004,0.0053270978162563215,1,6,"auroc,event_sensitivity,alarm_ppv,prediction_coverage,false_alarms_per_hour",0.35703781512605043,0.9048701298701299,0.10336206896551724,0.3334507042253521,0.4909259416776535,1.421199311924642,ensemble,Trung bình xác suất đã calibrate của 6 thành viên đa dạng
ensemble_diverse_6,300,fa_budget,max_recall_within_fa_budget,0.13716134030460442,0.3076923076923077,0.45831175556706377,0.391304347826087,0.391304347826087,0.24425705146845011,9,23,0.8833785749769356,0.2338510495688004,0.0053270978162563215,2,6,"auroc,event_sensitivity,alarm_ppv,prediction_coverage",0.11764705882352941,0.7619047619047619,0.2,0.5559523809523811,0.07275012192555876,0.5005010317437886,ensemble,Trung bình xác suất đã calibrate của 6 thành viên đa dạng
map_logistic,600,recall_first,recall_first,0.099274462846135,0.7534246575342466,1.7973856209150325,0.9166666666666666,0.28421052631578947,1.2598425196850394,22,24,0.8039635840606715,0.2223539141652024,0.027556477306326262,2,7,"auroc,alarm_ppv,prediction_coverage,early_5min_sensitivity,false_alarms_per_hour",0.7331818181818182,1.0,0.16246975806451613,0.4430444995432598,0.81322667453714,1.774355519229495,baseline,Hồi quy logistic trên 3 đặc trưng MAP
map_logistic,600,fa_budget,max_recall_within_fa_budget,0.14361445158943173,0.136986301369863,0.4330065359477124,0.25,0.2727272727272727,0.29643353404353867,6,24,0.8039635840606715,0.2223539141652024,0.027556477306326262,2,7,"auroc,event_sensitivity,alarm_ppv,prediction_coverage,early_5min_sensitivity",0.09090909090909091,0.44036363636363646,0.124875,0.47078005115089516,0.12324546388223212,0.4863255031361784,baseline,Hồi quy logistic trên 3 đặc trưng MAP
lgbm_plain,600,recall_first,recall_first,0.06553001985089596,0.726027397260274,2.8267973856209148,0.875,0.17307692307692307,2.3899953682260304,21,24,0.8228095409325182,0.1875018869071461,0.00879738308472865,2,7,"auroc,alarm_ppv,prediction_coverage,early_5min_sensitivity,false_alarms_per_hour",0.7,1.0,0.10599529780564264,0.2825245365321702,1.66102561253145,3.3619099318741354,lightgbm,"LightGBM, không cân bằng lớp, không augment"
lgbm_plain,600,fa_budget,max_recall_within_fa_budget,0.19381357403217736,0.273972602739726,0.4330065359477124,0.375,0.37037037037037035,0.31496062992125984,9,24,0.8228095409325182,0.1875018869071461,0.00879738308472865,2,7,"auroc,event_sensitivity,alarm_ppv,prediction_coverage,early_5min_sensitivity",0.09906250000000003,0.6844129554655871,0.22166666666666668,0.5575757575757581,0.07047887691678616,0.6817685550218064,lightgbm,"LightGBM, không cân bằng lớp, không augment"
lgbm_class_weight,600,recall_first,recall_first,0.06824326129462435,0.684931506849315,2.9738562091503264,0.8333333333333334,0.16265060240963855,2.5752663270032423,20,24,0.8249485142689026,0.19764603164384248,0.010725431447122109,1,7,"auroc,event_sensitivity,alarm_ppv,prediction_coverage,early_5min_sensitivity,false_alarms_per_hour",0.6206486042692939,0.9678341013824885,0.09184267241379311,0.2681564645308925,1.8079580209802788,3.47002749874278,lightgbm,LightGBM + class_weight='balanced'
lgbm_class_weight,600,fa_budget,max_recall_within_fa_budget,0.1858974358974359,0.2191780821917808,0.4656862745098039,0.3333333333333333,0.47368421052631576,0.18527095877721167,8,24,0.8249485142689026,0.19764603164384248,0.010725431447122109,2,7,"auroc,event_sensitivity,alarm_ppv,prediction_coverage,early_5min_sensitivity",0.11678921568627453,0.5789473684210527,0.25,0.6,0.05688330180399262,0.3611051727647295,lightgbm,LightGBM + class_weight='balanced'
lgbm_scale_pos_20x,600,recall_first,recall_first,0.05982478193683271,0.6438356164383562,3.5130718954248366,0.875,0.14358974358974358,3.094025011579435,21,24,0.8058110773321129,0.21773156324405873,0.007850044639671934,2,7,"auroc,alarm_ppv,prediction_coverage,early_5min_sensitivity,false_alarms_per_hour",0.6869791666666667,1.0,0.07211082474226804,0.23469767385860144,2.1420248802709962,4.106300724482097,lightgbm,LightGBM + scale_pos_weight = 20x tỷ lệ lớp
lgbm_scale_pos_20x,600,fa_budget,max_recall_within_fa_budget,0.1375740723032178,0.2876712328767123,0.49019607843137253,0.3333333333333333,0.36,0.29643353404353867,8,24,0.8058110773321129,0.21773156324405873,0.007850044639671934,2,7,"auroc,event_sensitivity,alarm_ppv,prediction_coverage,early_5min_sensitivity",0.11678921568627453,0.5789473684210527,0.2,0.5,0.1081032590708774,0.5500910568215287,lightgbm,LightGBM + scale_pos_weight = 20x tỷ lệ lớp
lgbm_oversample_3x,600,recall_first,recall_first,0.0628393711521798,0.7123287671232876,3.1372549019607843,0.9166666666666666,0.1744186046511628,2.6308476146364055,22,24,0.8336313512688918,0.20477134231707866,0.01216365143175715,2,7,"auroc,alarm_ppv,prediction_coverage,early_5min_sensitivity,false_alarms_per_hour",0.7331818181818182,1.0,0.10519181991122384,0.2801005917159764,1.8112654160652386,3.540967669684235,lightgbm,LightGBM + nhân bản window dương 3x
lgbm_oversample_3x,600,fa_budget,max_recall_within_fa_budget,0.1858974358974359,0.2876712328767123,0.4983660130718954,0.4166666666666667,0.3793103448275862,0.333487725798981,10,24,0.8336313512688918,0.20477134231707866,0.01216365143175715,2,7,"auroc,event_sensitivity,alarm_ppv,prediction_coverage,early_5min_sensitivity",0.1748366013071896,0.7202692307692308,0.2380252100840336,0.5794736842105265,0.0950069967658726,0.6842876450569166,lightgbm,LightGBM + nhân bản window dương 3x
lgbm_smote_3x,600,recall_first,recall_first,0.08538461538461538,0.6986301369863014,2.1895424836601305,0.75,0.2,1.778601204261232,18,24,0.8172730541662581,0.18043552884800618,0.006770404608511039,1,7,"auroc,event_sensitivity,alarm_ppv,prediction_coverage,early_5min_sensitivity,false_alarms_per_hour",0.5451515151515152,0.9047619047619048,0.11604320607553367,0.30296650510645673,1.1895080137587823,2.570802645991704,lightgbm,"LightGBM + SMOTE nội suy 5 láng giềng, 3x"
lgbm_smote_3x,600,fa_budget,max_recall_within_fa_budget,0.19430580606752726,0.2602739726027397,0.45751633986928103,0.375,0.35714285714285715,0.333487725798981,9,24,0.8172730541662581,0.18043552884800618,0.006770404608511039,2,7,"auroc,event_sensitivity,alarm_ppv,prediction_coverage,early_5min_sensitivity",0.09906250000000003,0.6844129554655871,0.2,0.6009090909090911,0.06101581125994095,0.764709621951515,lightgbm,"LightGBM + SMOTE nội suy 5 láng giềng, 3x"
lgbm_jitter_3x,600,recall_first,recall_first,0.075477240586961,0.7123287671232876,2.549019607843137,0.7916666666666666,0.18115942028985507,2.0935618341824918,19,24,0.820844365989997,0.18624792745857666,0.007128258792742269,1,7,"auroc,event_sensitivity,alarm_ppv,prediction_coverage,early_5min_sensitivity,false_alarms_per_hour",0.5988888888888889,0.9260536398467434,0.10471861471861472,0.288364635822263,1.3441014942599312,2.9662523279273687,lightgbm,"LightGBM + nhiễu Gaussian trên window dương, 3x"
lgbm_jitter_3x,600,fa_budget,max_recall_within_fa_budget,0.19651733485773196,0.3150684931506849,0.4738562091503268,0.375,0.3448275862068966,0.35201482167670217,9,24,0.820844365989997,0.18624792745857666,0.007128258792742269,2,7,"auroc,event_sensitivity,alarm_ppv,prediction_coverage,early_5min_sensitivity",0.09977272727272728,0.6375598086124404,0.19954545454545455,0.5,0.0751272966010273,0.7989695428660978,lightgbm,"LightGBM + nhiễu Gaussian trên window dương, 3x"
catboost_plain,600,recall_first,recall_first,0.05516833980261337,0.7123287671232876,2.933006535947712,0.875,0.16463414634146342,2.5382121352477998,21,24,0.832141806413651,0.1940693800840208,0.011559030242450728,2,7,"auroc,alarm_ppv,prediction_coverage,early_5min_sensitivity,false_alarms_per_hour",0.6869791666666667,1.0,0.09029381549208958,0.261235481453728,1.8154231581531857,3.380748206472038,catboost,"CatBoost, không cân bằng lớp"
catboost_plain,600,fa_budget,max_recall_within_fa_budget,0.2078105818781575,0.3150684931506849,0.4820261437908496,0.2916666666666667,0.2692307692307692,0.35201482167670217,7,24,0.832141806413651,0.1940693800840208,0.011559030242450728,2,7,"auroc,event_sensitivity,alarm_ppv,prediction_coverage,early_5min_sensitivity",0.06240808823529412,0.5,0.11720588235294119,0.5461038961038962,0.07071538151681109,0.7440076836114645,catboost,"CatBoost, không cân bằng lớp"
catboost_balanced,600,recall_first,recall_first,0.06766293143092662,0.7123287671232876,2.9166666666666665,0.875,0.17088607594936708,2.427049559981473,21,24,0.7946171531932049,0.1773660057617475,0.007068010718422651,2,7,"auroc,alarm_ppv,prediction_coverage,early_5min_sensitivity,false_alarms_per_hour",0.6875,0.9730534105534107,0.09998344370860927,0.28575892857142854,1.5893930866042594,3.3495911747427276,catboost,CatBoost + auto_class_weights='Balanced'
catboost_balanced,600,fa_budget,max_recall_within_fa_budget,0.19354799331137185,0.2465753424657534,0.45751633986928103,0.375,0.32142857142857145,0.35201482167670217,9,24,0.7946171531932049,0.1773660057617475,0.007068010718422651,2,7,"auroc,event_sensitivity,alarm_ppv,prediction_coverage,early_5min_sensitivity",0.09977272727272728,0.6375598086124404,0.19954545454545455,0.40763888888888894,0.1032855713090608,0.6872198915533742,catboost,CatBoost + auto_class_weights='Balanced'
catboost_balanced_jitter,600,recall_first,recall_first,0.06358192623106257,0.684931506849315,2.8758169934640523,0.9166666666666666,0.18787878787878787,2.482630847614636,22,24,0.8216316345766184,0.19841801383004476,0.010601692667380223,2,7,"auroc,alarm_ppv,prediction_coverage,early_5min_sensitivity,false_alarms_per_hour",0.7331818181818182,1.0,0.1097230384954452,0.32108991754514143,1.7040468469397865,3.4244770412312953,catboost,CatBoost balanced + nhiễu Gaussian 3x
catboost_balanced_jitter,600,fa_budget,max_recall_within_fa_budget,0.2059912135952785,0.3013698630136986,0.44934640522875813,0.3333333333333333,0.32,0.31496062992125984,8,24,0.8216316345766184,0.19841801383004476,0.010601692667380223,2,7,"auroc,event_sensitivity,alarm_ppv,prediction_coverage,early_5min_sensitivity",0.09977272727272728,0.5655606407322655,0.18143939393939396,0.4501136363636364,0.10086511189057636,0.6077456337924162,catboost,CatBoost balanced + nhiễu Gaussian 3x
tabm_20260917,600,recall_first,recall_first,0.08325625628232956,0.6986301369863014,2.3937908496732025,0.875,0.2,1.9268179712830014,21,24,0.8131242304381462,0.22731469261377332,0.0061550109051172275,2,7,"auroc,alarm_ppv,prediction_coverage,early_5min_sensitivity,false_alarms_per_hour",0.7,1.0,0.11276852846401718,0.32482993197278914,1.1446920217219303,2.7868387953073945,tabm,"TabM backbone E06 seed 20260917, calibrate lại"
tabm_20260917,600,fa_budget,max_recall_within_fa_budget,0.21957030892372123,0.3424657534246575,0.49019607843137253,0.3333333333333333,0.42105263157894735,0.20379805465493284,8,24,0.8131242304381462,0.22731469261377332,0.0061550109051172275,2,7,"auroc,event_sensitivity,alarm_ppv,prediction_coverage,early_5min_sensitivity",0.06232638888888889,0.6529748283752862,0.15384615384615385,0.6878125,0.03516149165236387,0.4452614441204537,tabm,"TabM backbone E06 seed 20260917, calibrate lại"
tabm_20260918,600,recall_first,recall_first,0.08830650150775911,0.6986301369863014,2.295751633986928,0.8333333333333334,0.21008403361344538,1.7415470125057897,20,24,0.8157175857823107,0.21996615252299986,0.00623696748758717,1,7,"auroc,event_sensitivity,alarm_ppv,prediction_coverage,early_5min_sensitivity,false_alarms_per_hour",0.6246527777777778,0.9631313131313132,0.10844553243574051,0.35180776014109355,1.0201305268961431,2.4968020289998543,tabm,"TabM backbone E06 seed 20260918, calibrate lại"
tabm_20260918,600,fa_budget,max_recall_within_fa_budget,0.21102564102564103,0.3698630136986301,0.4983660130718954,0.3333333333333333,0.36363636363636365,0.25937934228809634,8,24,0.8157175857823107,0.21996615252299986,0.00623696748758717,2,7,"auroc,event_sensitivity,alarm_ppv,prediction_coverage,early_5min_sensitivity",0.06232638888888889,0.6529748283752862,0.1111111111111111,0.5238721804511278,0.09141122907487241,0.5086513053274923,tabm,"TabM backbone E06 seed 20260918, calibrate lại"
tabm_20260919,600,recall_first,recall_first,0.07294347137212753,0.6986301369863014,2.7205882352941173,0.875,0.18493150684931506,2.204724409448819,21,24,0.8261367722532771,0.24498293162257556,0.008530112397495382,2,7,"auroc,alarm_ppv,prediction_coverage,early_5min_sensitivity,false_alarms_per_hour",0.6666666666666666,1.0,0.0957513031490975,0.33088972431077696,1.330303435469399,3.109589345422545,tabm,"TabM backbone E06 seed 20260919, calibrate lại"
tabm_20260919,600,fa_budget,max_recall_within_fa_budget,0.2229454419016838,0.3424657534246575,0.4656862745098039,0.2916666666666667,0.42105263157894735,0.20379805465493284,7,24,0.8261367722532771,0.24498293162257556,0.008530112397495382,2,7,"auroc,event_sensitivity,alarm_ppv,prediction_coverage,early_5min_sensitivity",0.06232638888888889,0.5798582995951419,0.14261904761904762,0.625,0.07199165255536238,0.41892345921571256,tabm,"TabM backbone E06 seed 20260919, calibrate lại"
ensemble_diverse_6,600,recall_first,recall_first,0.09283168789045058,0.7123287671232876,2.07516339869281,0.875,0.23478260869565218,1.6303844372394627,21,24,0.8277766881326751,0.23505988104304523,0.012474591108647615,2,7,"auroc,alarm_ppv,prediction_coverage,early_5min_sensitivity,false_alarms_per_hour",0.7,1.0,0.141541469438156,0.36470788043478264,1.0212491454767234,2.3241863170519537,ensemble,Trung bình xác suất đã calibrate của 6 thành viên đa dạng
ensemble_diverse_6,600,fa_budget,max_recall_within_fa_budget,0.1858974358974359,0.3698630136986301,0.49019607843137253,0.4583333333333333,0.41379310344827586,0.31496062992125984,11,24,0.8277766881326751,0.23505988104304523,0.012474591108647615,2,7,"auroc,event_sensitivity,alarm_ppv,prediction_coverage,early_5min_sensitivity",0.1499537037037037,0.7778985507246378,0.24970238095238095,0.6002777777777778,0.07095786245009565,0.648197837212811,ensemble,Trung bình xác suất đã calibrate của 6 thành viên đa dạng
