decile,confidence,rows,mean_p,observed,calibration_error,brier
0,high,3097,0.010059428364112999,0.008395221181788828,0.0016642071823241705,0.008318734310250337
0,medium,2488,0.010059355127771836,0.00522508038585209,0.004834274741919746,0.005226522738708385
0,low,1430,0.010191037481120884,0.005594405594405594,0.00459663188671529,0.005590142873540868
1,high,2812,0.014578065360012913,0.015647226173541962,0.0010691608135290492,0.015406744019154222
1,medium,2426,0.01465047471308018,0.010717230008244023,0.003933244704836157,0.010622136217310656
1,low,1778,0.014723564704745081,0.012373453318335208,0.002350111386409873,0.012223609552463693
2,high,2506,0.0190840996471662,0.013567438148443736,0.0055166614987224635,0.013406698842942235
2,medium,2405,0.01912696918487712,0.01787941787941788,0.0012475513054592408,0.017564673928943016
2,low,2105,0.019211808714438738,0.0166270783847981,0.002584730329640638,0.016365699838952787
3,high,2487,0.024607250103723145,0.013268998793727383,0.011338251309995762,0.013213747992106954
3,medium,2382,0.024569376128277597,0.023089840470193114,0.0014795356580844833,0.022561369271087643
3,low,2146,0.02463940774479021,0.02050326188257223,0.004136145862217982,0.020093820231227837
4,high,2412,0.03189951297911329,0.026533996683250415,0.005365516295862873,0.025856412669367595
4,medium,2451,0.031915095486943185,0.028967768257853937,0.002947327229089247,0.02813493099241118
4,low,2153,0.03184840021081964,0.026010218300046448,0.005838181910773191,0.02535473905257059
5,high,2381,0.043161892634578376,0.04283914321713566,0.00032274941744271646,0.04098681372591958
5,medium,2287,0.04315491055745809,0.03454306952339309,0.008611841034065003,0.03340422939928766
5,low,2348,0.0433548569992642,0.038756388415672915,0.004598468583591288,0.037256920859189795
6,high,2308,0.06143109175239892,0.05545927209705372,0.005971819655345198,0.05242227942655292
6,medium,2290,0.061626446982017156,0.07248908296943231,0.010862635987415152,0.0673182812349172
6,low,2417,0.06144253027429356,0.07323127844435251,0.011788748170058948,0.06782742744731554
7,high,2011,0.09157934787860035,0.1009448035803083,0.00936545570170795,0.09080500381918051
7,medium,2353,0.09172843161684212,0.08924776880577985,0.0024806628110622675,0.08100377089630827
7,low,2652,0.09193113284927103,0.1048265460030166,0.012895413153745566,0.09389199953467701
8,high,1748,0.15142991869335864,0.14931350114416475,0.002116417549193894,0.126397638457334
8,medium,2329,0.15082165623908955,0.1601545727780163,0.009332916538926761,0.13426184442089167
8,low,2939,0.15169616430190533,0.16025859135760462,0.00856242705569929,0.13450890328025594
9,high,1909,0.32653360235606843,0.3394447354635935,0.012911133107525063,0.20548600381258006
9,medium,2223,0.323135051273027,0.3355825461088619,0.012447494835834905,0.2119323764596569
9,low,2884,0.31716152396607145,0.31622746185852985,0.0009340621075416,0.20835837875987026
