column,mean_abs_shap,group
map_min_w30,0.3194150598684201,map
map_current,0.18566962967691755,map
bt_svr_mean_w30,0.16865988639736898,sv_co_svr
bt_sv_mean_w30,0.12290967915571958,sv_co_svr
dbp_min_w30,0.11836806989373953,sbp_dbp
rr_min_w30,0.09063320543401572,etco2_rr
map_extrap_w30,0.07302941528874686,map
bt_svr_slope_w30,0.06713968802054304,sv_co_svr
dbp_current,0.06119319059925907,sbp_dbp
etco2_std_w30,0.042737987075110034,etco2_rr
bt_ejection_time_mean_w30,0.04140420481105319,wave_shape
map_drop_pct,0.0384533451533562,map
bt_dpdt_max_mean_w30,0.03528314763822674,wave_shape
bt_decay_tau_mean_w30,0.03447264718921822,wave_shape
bt_dpdt_max_std_w30,0.03274980737574013,wave_shape
bt_sys_area_std_w30,0.028884284377845428,wave_shape
shock_index_slope_w30,0.027093512439717637,hr
pp_min_w30,0.026971925976394577,sbp_dbp
bt_dpdt_max_slope_w30,0.02650842760139772,wave_shape
hr_mean_w30,0.019933093987137347,hr
map_slope_w30,0.019887154159851813,map
pp_max_w30,0.019317113186126608,sbp_dbp
hr_min_w30,0.018639697198760054,hr
rr_mean_w30,0.01818041178487937,etco2_rr
etco2_mean_w30,0.01725357903391693,etco2_rr
bt_svr_std_w30,0.017033663743710244,sv_co_svr
rr_max_w30,0.017018745544996924,etco2_rr
pp_slope_w30,0.016697226162418213,sbp_dbp
bt_sv_std_w30,0.015471912898208564,sv_co_svr
map_mean_w30,0.015345864624854055,map
bt_decay_tau_slope_w30,0.015191204383998617,wave_shape
pp_current,0.014129366686375483,sbp_dbp
etco2_min_w30,0.013305724791536598,etco2_rr
bt_co_std_w30,0.010924392328779963,sv_co_svr
bt_sys_area_mean_w30,0.008994055378940803,wave_shape
bt_ppv30_w30,0.008936525801935175,ppv
pp_std_w30,0.008630038265368355,sbp_dbp
bt_sys_area_slope_w30,0.008183698683932664,wave_shape
etco2_max_w30,0.008019384911680645,etco2_rr
bt_co_mean_w30,0.007849791311079116,sv_co_svr
bt_notch_rel_slope_w30,0.0075244992635029396,wave_shape
bt_notch_rel_mean_w30,0.006713951247054918,wave_shape
bt_co_slope_w30,0.006602951119147236,sv_co_svr
dbp_std_w30,0.006557765253014286,sbp_dbp
hr_slope_w30,0.006451637451824292,hr
bt_decay_tau_std_w30,0.006314196512177619,wave_shape
sbp_current,0.006275100307975475,sbp_dbp
bt_n_beats_w30,0.006255785291849979,beat_quality
shock_index_min_w30,0.004644099559165905,hr
spo2_std_w30,0.0045833493507320975,spo2
sbp_max_w30,0.004211354196240182,sbp_dbp
map_max_w30,0.004060742185471521,map
rr_std_w30,0.0038730763299180673,etco2_rr
spo2_max_w30,0.00368699412423381,spo2
shock_index_current,0.0036694355202748483,hr
pp_mean_w30,0.003658150017340442,sbp_dbp
sbp_slope_w30,0.0036221340145544587,sbp_dbp
hr_max_w30,0.003395765652007262,hr
bt_ejection_time_std_w30,0.003375436507496658,wave_shape
sbp_std_w30,0.0033493506635778447,sbp_dbp
bt_ejection_time_slope_w30,0.0026850079284211556,wave_shape
dbp_mean_w30,0.0026806718894119767,sbp_dbp
dbp_max_w30,0.0026672801443019933,sbp_dbp
spo2_mean_w30,0.002613054516350026,spo2
shock_index_max_w30,0.002313431563866451,hr
rr_slope_w30,0.0022280799167850676,etco2_rr
shock_index_std_w30,0.001956728544319096,hr
bt_sv_slope_w30,0.0016251334126375994,sv_co_svr
hr_current,0.001590838187563744,hr
shock_index_mean_w30,0.0013852153403448356,hr
spo2_slope_w30,0.0013300379618266845,spo2
bt_valid_frac_w30,0.0013270009096858785,beat_quality
hr_std_w30,0.0012701274849534483,hr
sbp_min_w30,0.000984156747276885,sbp_dbp
spo2_min_w30,0.0009624978786806178,spo2
rr_current,0.0008683889980288606,etco2_rr
dbp_slope_w30,0.0007905428246449315,sbp_dbp
etco2_current,0.0006981181738516547,etco2_rr
map_time_65_75_w30,0.0003973230434795931,map
etco2_slope_w30,0.00021936709790164902,etco2_rr
map_std_w30,0.00015792608786787982,map
bt_notch_rel_std_w30,0.00015690721859507227,wave_shape
spo2_current,0.00015580562722350197,spo2
sbp_mean_w30,0.00011521046070361887,sbp_dbp
rr_missing_w30,7.744607141667776e-05,etco2_rr
hr_missing_w30,0.0,hr
dbp_missing_w30,0.0,sbp_dbp
map_missing_w30,0.0,map
sbp_missing_w30,0.0,sbp_dbp
shock_index_missing_w30,0.0,hr
pp_missing_w30,0.0,sbp_dbp
etco2_missing_w30,0.0,etco2_rr
spo2_missing_w30,0.0,spo2
