window,horizon,group,share
30,300,beat_quality,0.003011189531521462
30,300,etco2_rr,0.0661812503077476
30,300,hr,0.05206025590797877
30,300,map,0.407745004715816
30,300,ppv,0.0035184429579289468
30,300,sbp_dbp,0.12194088467988157
30,300,spo2,0.004816151477776257
30,300,sv_co_svr,0.2146080962728082
30,300,wave_shape,0.12611872414854122
30,600,beat_quality,0.002345900683774404
30,600,etco2_rr,0.09052866619832847
30,600,hr,0.0493275815871427
30,600,map,0.363699126145283
30,600,ppv,0.003568173300368699
30,600,sbp_dbp,0.1462728096223395
30,600,spo2,0.007133284106209287
30,600,sv_co_svr,0.2054909212419782
30,600,wave_shape,0.1316335371145758
30,900,beat_quality,0.0038479545083943923
30,900,etco2_rr,0.10916132915950737
30,900,hr,0.04686059936446096
30,900,map,0.33310456207667066
30,900,ppv,0.004534922103167603
30,900,sbp_dbp,0.15234871017525528
30,900,spo2,0.006765313644974951
30,900,sv_co_svr,0.21222810804037617
30,900,wave_shape,0.1311485009271925
30,1200,beat_quality,0.009000022164895288
30,1200,etco2_rr,0.11506613597835282
30,1200,hr,0.04275484358356626
30,1200,map,0.3055361859234023
30,1200,ppv,0.005428238378615259
30,1200,sbp_dbp,0.16590568585512327
30,1200,spo2,0.008016553470984015
30,1200,sv_co_svr,0.21216475676986446
30,1200,wave_shape,0.13612757787519622
30,1800,beat_quality,0.011329445655797292
30,1800,etco2_rr,0.12459355232685394
30,1800,hr,0.04300119304760839
30,1800,map,0.29238160216588815
30,1800,ppv,0.007833765438765695
30,1800,sbp_dbp,0.1620631185375131
30,1800,spo2,0.006600789813705019
30,1800,sv_co_svr,0.2117886595269996
30,1800,wave_shape,0.1404078734868689
60,300,beat_quality,0.006745049851228038
60,300,etco2_rr,0.07160693487092752
60,300,hr,0.05897956221882179
60,300,map,0.42813175467678405
60,300,ppv,0.00038499927910216035
60,300,sbp_dbp,0.12352422984830617
60,300,spo2,0.006732564032515258
60,300,sv_co_svr,0.19899285867849048
60,300,wave_shape,0.10490204654382465
60,600,beat_quality,0.0046536925084471525
60,600,etco2_rr,0.0969978031489588
60,600,hr,0.05375117515630879
60,600,map,0.3705665065869089
60,600,ppv,0.0033833419052600494
60,600,sbp_dbp,0.1473847364281883
60,600,spo2,0.007844838769027357
60,600,sv_co_svr,0.20700139119730626
60,600,wave_shape,0.10841651429959434
60,900,beat_quality,0.00794608613399877
60,900,etco2_rr,0.11041725129838552
60,900,hr,0.05479084953905452
60,900,map,0.33699449757440697
60,900,ppv,0.0018061456118009746
60,900,sbp_dbp,0.15856690473479912
60,900,spo2,0.007631449240805264
60,900,sv_co_svr,0.2160665869740144
60,900,wave_shape,0.10578022889273446
60,1200,beat_quality,0.013601249602000227
60,1200,etco2_rr,0.12035077937530632
60,1200,hr,0.048082965483287825
60,1200,map,0.3177675517062255
60,1200,ppv,0.0008437329824005005
60,1200,sbp_dbp,0.16577290833056202
60,1200,spo2,0.009815894220193593
60,1200,sv_co_svr,0.21055946993373922
60,1200,wave_shape,0.11320544836628477
60,1800,beat_quality,0.015907447124370415
60,1800,etco2_rr,0.1331462688494203
60,1800,hr,0.038249565555568306
60,1800,map,0.3015085806231322
60,1800,ppv,0.0015256899733798808
60,1800,sbp_dbp,0.1631346192602626
60,1800,spo2,0.006708843065495478
60,1800,sv_co_svr,0.21602017137382365
60,1800,wave_shape,0.12379881417454718
90,300,beat_quality,0.008333672699420213
90,300,etco2_rr,0.07256109395548276
90,300,hr,0.07034350491465759
90,300,map,0.41542943153921613
90,300,ppv,0.0008402157795178235
90,300,sbp_dbp,0.14465961175206937
90,300,spo2,0.008623506386593895
90,300,sv_co_svr,0.1852910113365904
90,300,wave_shape,0.09391795163645177
90,600,beat_quality,0.0073419264376877414
90,600,etco2_rr,0.098007563469596
90,600,hr,0.06749484835301736
90,600,map,0.36223139032320795
90,600,ppv,0.004650825799217462
90,600,sbp_dbp,0.15347016592933205
90,600,spo2,0.007710847189088763
90,600,sv_co_svr,0.19224958958900276
90,600,wave_shape,0.1068428429098498
90,900,beat_quality,0.008089469523445799
90,900,etco2_rr,0.11133148121485532
90,900,hr,0.06838023769285717
90,900,map,0.33183971842731236
90,900,ppv,0.00319318018035876
90,900,sbp_dbp,0.16728399864739782
90,900,spo2,0.009186105459657399
90,900,sv_co_svr,0.1997035737822909
90,900,wave_shape,0.10099223507182452
90,1200,beat_quality,0.013913910529738154
90,1200,etco2_rr,0.11943650891341588
90,1200,hr,0.05568971067809507
90,1200,map,0.31547959378976503
90,1200,ppv,0.0025755215257151826
90,1200,sbp_dbp,0.16688667325816087
90,1200,spo2,0.008996936747728503
90,1200,sv_co_svr,0.20878794862564293
90,1200,wave_shape,0.10823319593173822
90,1800,beat_quality,0.019534582250797926
90,1800,etco2_rr,0.13446808106419422
90,1800,hr,0.0418549439862022
90,1800,map,0.3068811898850927
90,1800,ppv,0.003268197076761698
90,1800,sbp_dbp,0.16235546823019953
90,1800,spo2,0.007041223777455422
90,1800,sv_co_svr,0.2107605751726386
90,1800,wave_shape,0.11383573855665782
120,300,beat_quality,0.009128064104404655
120,300,etco2_rr,0.06979771078784791
120,300,hr,0.07209826485237023
120,300,map,0.40040195947906826
120,300,ppv,0.0015060080329193158
120,300,sbp_dbp,0.17684997104415
120,300,spo2,0.00925453679492441
120,300,sv_co_svr,0.16047795134300818
120,300,wave_shape,0.100485533561307
120,600,beat_quality,0.007950638919804392
120,600,etco2_rr,0.1004981036736523
120,600,hr,0.07625138903998994
120,600,map,0.36274862118971396
120,600,ppv,0.003937486609878668
120,600,sbp_dbp,0.16597444011593232
120,600,spo2,0.008165484486117154
120,600,sv_co_svr,0.17878521457166033
120,600,wave_shape,0.09568862139325086
120,900,beat_quality,0.01002634543940065
120,900,etco2_rr,0.11198574181411473
120,900,hr,0.07135301244220624
120,900,map,0.32524591526247015
120,900,ppv,0.006007865250933112
120,900,sbp_dbp,0.1779699528733303
120,900,spo2,0.010364969063810658
120,900,sv_co_svr,0.19372593978650038
120,900,wave_shape,0.09332025806723375
120,1200,beat_quality,0.015430605172631087
120,1200,etco2_rr,0.12421607613358529
120,1200,hr,0.05687615513157299
120,1200,map,0.31864976744804097
120,1200,ppv,0.004347389328074414
120,1200,sbp_dbp,0.18440995115437586
120,1200,spo2,0.008721726616440812
120,1200,sv_co_svr,0.1950578105428292
120,1200,wave_shape,0.09229051847244929
120,1800,beat_quality,0.02313773693811876
120,1800,etco2_rr,0.13748659269516622
120,1800,hr,0.04265425492177602
120,1800,map,0.3076085911670314
120,1800,ppv,0.0031088772731090995
120,1800,sbp_dbp,0.17525440501398637
120,1800,spo2,0.00732681137559862
120,1800,sv_co_svr,0.20159274077439937
120,1800,wave_shape,0.10182998984081411
